Date,High,Low,Open,Close,Volume,Adj Close
2014-01-02,1227.300048828125,1204.300048828125,1204.300048828125,1225.0,209.0,1225.0
2014-01-03,1239.0,1221.699951171875,1221.699951171875,1238.4000244140625,142.0,1238.4000244140625
2014-01-06,1247.0,1221.9000244140625,1232.800048828125,1237.800048828125,127.0,1237.800048828125
2014-01-07,1242.4000244140625,1226.300048828125,1239.300048828125,1229.4000244140625,73.0,1229.4000244140625
2014-01-08,1227.5,1218.5999755859375,1227.5,1225.300048828125,189.0,1225.300048828125
2014-01-09,1229.300048828125,1225.800048828125,1225.800048828125,1229.300048828125,7.0,1229.300048828125
2014-01-10,1246.800048828125,1234.0,1235.0,1246.699951171875,58.0,1246.699951171875
2014-01-13,1252.699951171875,1245.5,1250.5999755859375,1250.9000244140625,46.0,1250.9000244140625
2014-01-14,1251.300048828125,1242.0,1251.0,1245.199951171875,37.0,1245.199951171875
2014-01-15,1243.199951171875,1238.0999755859375,1243.0999755859375,1238.0999755859375,68.0,1238.0999755859375
2014-01-16,1242.800048828125,1239.0,1239.300048828125,1240.0,48.0,1240.0
2014-01-17,1254.300048828125,1239.699951171875,1239.699951171875,1251.699951171875,101.0,1251.699951171875
2014-01-21,1257.5,1240.0,1256.4000244140625,1242.300048828125,224.0,1242.300048828125
2014-01-22,1242.0,1239.0,1241.699951171875,1239.0,58.0,1239.0
2014-01-23,1264.199951171875,1235.199951171875,1235.199951171875,1262.5999755859375,40.0,1262.5999755859375
2014-01-24,1269.4000244140625,1258.300048828125,1258.300048828125,1264.5,38.0,1264.5
2014-01-27,1264.4000244140625,1254.4000244140625,1259.800048828125,1263.5999755859375,92.0,1263.5999755859375
2014-01-28,1258.4000244140625,1251.0,1257.9000244140625,1251.0,20.0,1251.0
2014-01-29,1262.199951171875,1262.199951171875,1262.199951171875,1262.199951171875,137028.0,1262.199951171875
2014-01-30,1267.699951171875,1237.5,1267.0,1242.199951171875,45276.0,1242.199951171875
2014-01-31,1254.5,1238.4000244140625,1243.5999755859375,1240.0999755859375,5820.0,1240.0999755859375
2014-02-03,1266.300048828125,1241.199951171875,1242.4000244140625,1260.4000244140625,2914.0,1260.4000244140625
2014-02-04,1260.699951171875,1247.800048828125,1258.4000244140625,1251.699951171875,1745.0,1251.699951171875
2014-02-05,1273.699951171875,1253.0999755859375,1254.0,1257.300048828125,1616.0,1257.300048828125
2014-02-06,1267.0,1253.5,1258.0,1257.5999755859375,274.0,1257.5999755859375
2014-02-07,1271.4000244140625,1257.9000244140625,1258.300048828125,1263.300048828125,436.0,1263.300048828125
2014-02-10,1277.300048828125,1265.699951171875,1269.5999755859375,1274.800048828125,742.0,1274.800048828125
2014-02-11,1292.0,1273.800048828125,1274.0,1290.0999755859375,562.0,1290.0999755859375
2014-02-12,1296.199951171875,1285.5,1290.5,1295.300048828125,140.0,1295.300048828125
2014-02-13,1303.5,1287.5,1293.300048828125,1300.4000244140625,877.0,1300.4000244140625
2014-02-14,1320.699951171875,1301.699951171875,1301.699951171875,1319.0,308.0,1319.0
2014-02-18,1330.5999755859375,1313.9000244140625,1322.9000244140625,1324.699951171875,373.0,1324.699951171875
2014-02-19,1321.5999755859375,1309.0999755859375,1318.300048828125,1320.5999755859375,193.0,1320.5999755859375
2014-02-20,1323.5,1309.5999755859375,1310.699951171875,1317.0999755859375,116.0,1317.0999755859375
2014-02-21,1328.300048828125,1317.4000244140625,1320.0,1323.9000244140625,171.0,1323.9000244140625
2014-02-24,1339.0,1321.4000244140625,1324.300048828125,1338.300048828125,93.0,1338.300048828125
2014-02-25,1343.9000244140625,1333.0999755859375,1336.4000244140625,1343.0,290.0,1343.0
2014-02-26,1342.0,1325.5999755859375,1341.199951171875,1328.199951171875,485.0,1328.199951171875
2014-02-27,1335.0,1324.5999755859375,1329.300048828125,1331.5999755859375,369.0,1331.5999755859375
2014-02-28,1332.5999755859375,1321.0999755859375,1329.800048828125,1321.4000244140625,239.0,1321.4000244140625
2014-03-03,1354.0999755859375,1332.9000244140625,1335.9000244140625,1350.0999755859375,232.0,1350.0999755859375
2014-03-04,1350.4000244140625,1332.199951171875,1350.4000244140625,1337.800048828125,80.0,1337.800048828125
2014-03-05,1341.0,1334.800048828125,1334.800048828125,1340.199951171875,32.0,1340.199951171875
2014-03-06,1351.699951171875,1333.300048828125,1338.0,1351.699951171875,59.0,1351.699951171875
2014-03-07,1352.699951171875,1329.199951171875,1349.5,1338.0999755859375,97.0,1338.0999755859375
2014-03-10,1344.699951171875,1330.5,1336.0,1341.4000244140625,97.0,1341.4000244140625
2014-03-11,1352.4000244140625,1338.0999755859375,1340.0,1346.5,53.0,1346.5
2014-03-12,1370.5,1348.699951171875,1349.0999755859375,1370.300048828125,58.0,1370.300048828125
2014-03-13,1374.5,1366.5,1366.800048828125,1372.199951171875,23.0,1372.199951171875
2014-03-14,1386.5999755859375,1371.0999755859375,1376.0999755859375,1379.0,91.0,1379.0
2014-03-17,1391.4000244140625,1372.199951171875,1386.0999755859375,1372.9000244140625,29.0,1372.9000244140625
2014-03-18,1361.800048828125,1353.4000244140625,1359.300048828125,1359.0,35.0,1359.0
2014-03-19,1358.0,1332.699951171875,1357.0999755859375,1341.4000244140625,57.0,1341.4000244140625
2014-03-20,1333.699951171875,1325.800048828125,1333.699951171875,1330.5,72.0,1330.5
2014-03-21,1339.0999755859375,1335.800048828125,1339.0999755859375,1336.0,3.0,1336.0
2014-03-24,1333.0,1310.5,1333.0,1311.199951171875,103.0,1311.199951171875
2014-03-25,1315.5,1307.5,1315.5,1311.4000244140625,46.0,1311.4000244140625
2014-03-26,1315.199951171875,1303.4000244140625,1315.199951171875,1303.4000244140625,4.0,1303.4000244140625
2014-03-27,1294.699951171875,1294.699951171875,1294.699951171875,1294.699951171875,185016.0,1294.699951171875
2014-03-28,1299.4000244140625,1285.9000244140625,1292.199951171875,1293.800048828125,65486.0,1293.800048828125
2014-03-31,1298.800048828125,1282.4000244140625,1294.300048828125,1283.4000244140625,4121.0,1283.4000244140625
2014-04-01,1287.9000244140625,1277.300048828125,1285.0999755859375,1279.5999755859375,884.0,1279.5999755859375
2014-04-02,1294.0999755859375,1280.199951171875,1280.199951171875,1290.5,1099.0,1290.5
2014-04-03,1293.5,1282.699951171875,1290.800048828125,1284.4000244140625,775.0,1284.4000244140625
2014-04-04,1306.0999755859375,1284.4000244140625,1285.5,1303.199951171875,976.0,1303.199951171875
2014-04-07,1304.0,1296.300048828125,1301.4000244140625,1298.0,361.0,1298.0
2014-04-08,1314.0999755859375,1296.5999755859375,1296.5999755859375,1308.699951171875,264.0,1308.699951171875
2014-04-09,1313.5999755859375,1301.0999755859375,1309.5,1305.5,191.0,1305.5
2014-04-10,1323.800048828125,1311.199951171875,1311.800048828125,1320.0999755859375,127.0,1320.0999755859375
2014-04-11,1322.800048828125,1316.300048828125,1319.0,1318.699951171875,76.0,1318.699951171875
2014-04-14,1330.0,1320.0999755859375,1320.0999755859375,1327.199951171875,328.0,1327.199951171875
2014-04-15,1322.699951171875,1291.5,1322.699951171875,1300.0,238.0,1300.0
2014-04-16,1303.5,1295.0,1302.699951171875,1303.0999755859375,177.0,1303.0999755859375
2014-04-17,1303.0,1292.5,1300.0999755859375,1293.4000244140625,124.0,1293.4000244140625
2014-04-21,1299.199951171875,1283.800048828125,1290.0,1288.0,100.0,1288.0
2014-04-22,1291.5999755859375,1276.0,1289.199951171875,1280.5999755859375,100.0,1280.5999755859375
2014-04-23,1287.699951171875,1282.4000244140625,1284.300048828125,1284.199951171875,176.0,1284.199951171875
2014-04-24,1297.9000244140625,1272.4000244140625,1284.5999755859375,1290.5,522.0,1290.5
2014-04-25,1304.5999755859375,1293.800048828125,1293.800048828125,1300.699951171875,274.0,1300.699951171875
2014-04-28,1305.4000244140625,1293.0,1305.4000244140625,1298.9000244140625,388.0,1298.9000244140625
2014-04-29,1300.5,1289.0999755859375,1295.5,1296.0,904.0,1296.0
2014-04-30,1296.5,1286.5999755859375,1296.0,1295.5999755859375,181.0,1295.5999755859375
2014-05-01,1288.699951171875,1278.0,1288.699951171875,1283.0999755859375,25.0,1283.0999755859375
2014-05-02,1302.699951171875,1276.699951171875,1276.699951171875,1302.5999755859375,90.0,1302.5999755859375
2014-05-05,1314.199951171875,1305.5,1305.5999755859375,1309.0,31.0,1309.0
2014-05-06,1309.4000244140625,1306.9000244140625,1309.4000244140625,1308.300048828125,14.0,1308.300048828125
2014-05-07,1312.0,1288.0,1310.300048828125,1288.5999755859375,21.0,1288.5999755859375
2014-05-08,1291.5,1285.5,1291.5,1287.4000244140625,65.0,1287.4000244140625
2014-05-09,1287.300048828125,1287.300048828125,1287.300048828125,1287.300048828125,3.0,1287.300048828125
2014-05-12,1295.9000244140625,1281.199951171875,1282.0999755859375,1295.5999755859375,19.0,1295.5999755859375
2014-05-13,1295.5,1292.0,1295.5,1294.5999755859375,20.0,1294.5999755859375
2014-05-14,1306.9000244140625,1292.800048828125,1292.800048828125,1305.699951171875,25.0,1305.699951171875
2014-05-15,1302.5,1292.800048828125,1302.5,1293.5,27.0,1293.5
2014-05-16,1293.300048828125,1293.300048828125,1293.300048828125,1293.300048828125,8.0,1293.300048828125
2014-05-19,1293.699951171875,1293.699951171875,1293.699951171875,1293.699951171875,44.0,1293.699951171875
2014-05-20,1294.5,1290.0999755859375,1290.699951171875,1294.5,8.0,1294.5
2014-05-21,1288.0,1287.4000244140625,1287.4000244140625,1288.0,2.0,1288.0
2014-05-22,1295.0,1294.199951171875,1294.199951171875,1294.9000244140625,4.0,1294.9000244140625
2014-05-23,1293.4000244140625,1291.5999755859375,1293.199951171875,1291.5999755859375,3.0,1291.5999755859375
2014-05-27,1291.9000244140625,1265.4000244140625,1291.9000244140625,1265.4000244140625,25.0,1265.4000244140625
2014-05-28,1259.300048828125,1259.300048828125,1259.300048828125,1259.300048828125,168825.0,1259.300048828125
2014-05-29,1260.5999755859375,1250.9000244140625,1258.300048828125,1256.300048828125,38045.0,1256.300048828125
2014-05-30,1259.5999755859375,1241.800048828125,1255.0999755859375,1245.5999755859375,3839.0,1245.5999755859375
2014-06-02,1250.699951171875,1240.9000244140625,1250.0,1243.699951171875,774.0,1243.699951171875
2014-06-03,1247.5,1240.5,1244.0999755859375,1244.300048828125,654.0,1244.300048828125
2014-06-04,1248.800048828125,1242.699951171875,1245.0999755859375,1244.0,604.0,1244.0
2014-06-05,1256.5999755859375,1241.199951171875,1244.0,1253.0,1317.0,1253.0
2014-06-06,1256.5999755859375,1246.300048828125,1253.4000244140625,1252.0999755859375,381.0,1252.0999755859375
2014-06-09,1256.0999755859375,1252.5999755859375,1252.699951171875,1253.5,97.0,1253.5
2014-06-10,1262.300048828125,1251.0,1252.4000244140625,1259.800048828125,1007.0,1259.800048828125
2014-06-11,1264.4000244140625,1259.0999755859375,1259.9000244140625,1260.800048828125,128.0,1260.800048828125
2014-06-12,1274.5,1260.0,1260.0,1273.5999755859375,129.0,1273.5999755859375
2014-06-13,1274.699951171875,1271.300048828125,1272.5,1273.699951171875,145.0,1273.699951171875
2014-06-16,1282.0999755859375,1270.800048828125,1279.800048828125,1274.9000244140625,334.0,1274.9000244140625
2014-06-17,1272.800048828125,1260.9000244140625,1272.800048828125,1271.699951171875,819.0,1271.699951171875
2014-06-18,1272.699951171875,1267.4000244140625,1269.9000244140625,1272.4000244140625,143.0,1272.4000244140625
2014-06-19,1321.0,1277.199951171875,1277.199951171875,1313.699951171875,601.0,1313.699951171875
2014-06-20,1321.4000244140625,1306.800048828125,1321.4000244140625,1316.199951171875,254.0,1316.199951171875
2014-06-23,1318.0,1312.300048828125,1312.300048828125,1318.0,142.0,1318.0
2014-06-24,1325.5999755859375,1315.5999755859375,1315.5999755859375,1320.9000244140625,223.0,1320.9000244140625
2014-06-25,1323.4000244140625,1312.0,1315.300048828125,1322.199951171875,294.0,1322.199951171875
2014-06-26,1319.5999755859375,1312.4000244140625,1319.5999755859375,1316.0999755859375,1204.0,1316.0999755859375
2014-06-27,1320.9000244140625,1313.300048828125,1317.4000244140625,1319.0,625.0,1319.0
2014-06-30,1328.699951171875,1311.800048828125,1315.300048828125,1321.800048828125,744.0,1321.800048828125
2014-07-01,1331.4000244140625,1326.199951171875,1326.699951171875,1326.4000244140625,51.0,1326.4000244140625
2014-07-02,1330.699951171875,1326.800048828125,1326.800048828125,1330.699951171875,226.0,1330.699951171875
2014-07-07,1320.300048828125,1313.199951171875,1318.699951171875,1316.5,93.0,1316.5
2014-07-08,1323.5,1316.0,1318.4000244140625,1316.0,6.0,1316.0
2014-07-09,1330.4000244140625,1323.800048828125,1324.0,1323.800048828125,16.0,1323.800048828125
2014-07-10,1343.699951171875,1328.0,1330.5,1338.699951171875,28.0,1338.699951171875
2014-07-11,1339.0,1336.199951171875,1337.9000244140625,1337.0,112.0,1337.0
2014-07-14,1332.800048828125,1304.699951171875,1332.800048828125,1306.300048828125,103.0,1306.300048828125
2014-07-15,1311.9000244140625,1294.0999755859375,1307.4000244140625,1296.9000244140625,368.0,1296.9000244140625
2014-07-16,1303.0999755859375,1296.9000244140625,1298.4000244140625,1299.5999755859375,34.0,1299.5999755859375
2014-07-17,1323.800048828125,1303.0999755859375,1303.0999755859375,1316.699951171875,16.0,1316.699951171875
2014-07-18,1322.699951171875,1306.199951171875,1322.699951171875,1309.199951171875,27.0,1309.199951171875
2014-07-21,1315.5,1311.0,1311.0,1313.699951171875,18.0,1313.699951171875
2014-07-22,1306.0999755859375,1306.0999755859375,1306.0999755859375,1306.0999755859375,2.0,1306.0999755859375
2014-07-23,1304.5,1304.5,1304.5,1304.5,0.0,1304.5
2014-07-24,1297.5,1290.5999755859375,1297.5,1290.5999755859375,1.0,1290.5999755859375
2014-07-25,1303.0999755859375,1294.800048828125,1294.800048828125,1303.0999755859375,8.0,1303.0999755859375
2014-07-28,1308.0,1303.300048828125,1307.4000244140625,1303.300048828125,52.0,1303.300048828125
2014-07-29,1310.9000244140625,1298.300048828125,1310.9000244140625,1298.300048828125,181554.0,1298.300048828125
2014-07-30,1303.0,1291.0,1298.5999755859375,1294.9000244140625,36189.0,1294.9000244140625
2014-07-31,1297.300048828125,1280.5999755859375,1295.0999755859375,1281.300048828125,5663.0,1281.300048828125
2014-08-01,1296.5999755859375,1279.699951171875,1284.0999755859375,1293.5999755859375,1985.0,1293.5999755859375
2014-08-04,1295.0,1285.9000244140625,1294.4000244140625,1287.699951171875,917.0,1287.699951171875
2014-08-05,1292.699951171875,1282.5999755859375,1288.0,1284.0,825.0,1284.0
2014-08-06,1309.0,1287.800048828125,1288.0999755859375,1306.699951171875,706.0,1306.699951171875
2014-08-07,1313.0999755859375,1302.5,1305.300048828125,1310.800048828125,225.0,1310.800048828125
2014-08-08,1321.4000244140625,1308.0,1310.800048828125,1308.9000244140625,586.0,1308.9000244140625
2014-08-11,1309.699951171875,1305.300048828125,1308.4000244140625,1308.5,194.0,1308.5
2014-08-12,1315.800048828125,1305.800048828125,1306.199951171875,1308.800048828125,438.0,1308.800048828125
2014-08-13,1312.800048828125,1305.0,1308.800048828125,1312.800048828125,238.0,1312.800048828125
2014-08-14,1316.4000244140625,1309.699951171875,1311.800048828125,1313.9000244140625,320.0,1313.9000244140625
2014-08-15,1312.800048828125,1292.0,1311.699951171875,1304.5,199.0,1304.5
2014-08-18,1302.0999755859375,1295.699951171875,1301.4000244140625,1297.699951171875,100.0,1297.699951171875
2014-08-19,1301.5999755859375,1294.0,1298.800048828125,1295.0999755859375,144.0,1295.0999755859375
2014-08-20,1295.800048828125,1288.4000244140625,1295.4000244140625,1293.4000244140625,332.0,1293.4000244140625
2014-08-21,1290.0,1272.0,1290.0,1273.699951171875,264.0,1273.699951171875
2014-08-22,1280.0,1275.0,1276.0,1278.5999755859375,119.0,1278.5999755859375
2014-08-25,1277.5999755859375,1273.699951171875,1277.300048828125,1277.300048828125,251.0,1277.300048828125
2014-08-26,1289.5,1281.0999755859375,1289.4000244140625,1283.800048828125,74.0,1283.800048828125
2014-08-27,1282.300048828125,1281.5,1281.5,1281.9000244140625,783.0,1281.9000244140625
2014-08-28,1293.699951171875,1284.300048828125,1284.5,1288.699951171875,817.0,1288.699951171875
2014-08-29,1289.699951171875,1284.800048828125,1289.5,1285.800048828125,116.0,1285.800048828125
2014-09-02,1286.4000244140625,1262.5,1284.5,1263.699951171875,280.0,1263.699951171875
2014-09-03,1271.0999755859375,1263.0999755859375,1266.300048828125,1268.9000244140625,279.0,1268.9000244140625
2014-09-04,1272.699951171875,1260.4000244140625,1268.699951171875,1265.0999755859375,290.0,1265.0999755859375
2014-09-05,1268.0999755859375,1263.199951171875,1263.199951171875,1265.800048828125,123.0,1265.800048828125
2014-09-08,1268.4000244140625,1252.699951171875,1268.4000244140625,1252.699951171875,2.0,1252.699951171875
2014-09-09,1246.800048828125,1246.800048828125,1246.800048828125,1246.800048828125,0.0,1246.800048828125
2014-09-10,1256.699951171875,1243.5,1256.699951171875,1243.5,95.0,1243.5
2014-09-11,1237.4000244140625,1237.4000244140625,1237.4000244140625,1237.4000244140625,0.0,1237.4000244140625
2014-09-12,1229.9000244140625,1227.0,1227.0,1229.9000244140625,47.0,1229.9000244140625
2014-09-15,1235.0,1226.699951171875,1226.699951171875,1233.5999755859375,21.0,1233.5999755859375
2014-09-16,1238.300048828125,1235.199951171875,1238.300048828125,1235.199951171875,3.0,1235.199951171875
2014-09-17,1236.199951171875,1221.9000244140625,1236.199951171875,1234.4000244140625,10.0,1234.4000244140625
2014-09-18,1225.699951171875,1216.199951171875,1216.199951171875,1225.699951171875,5.0,1225.699951171875
2014-09-19,1218.300048828125,1215.300048828125,1218.300048828125,1215.300048828125,4.0,1215.300048828125
2014-09-22,1216.800048828125,1212.4000244140625,1214.9000244140625,1216.800048828125,7.0,1216.800048828125
2014-09-23,1221.0,1221.0,1221.0,1221.0,5.0,1221.0
2014-09-24,1218.5999755859375,1216.800048828125,1218.5999755859375,1218.5999755859375,2.0,1218.5999755859375
2014-09-25,1221.199951171875,1209.5,1209.5,1221.199951171875,11.0,1221.199951171875
2014-09-26,1214.0999755859375,1214.0999755859375,1214.0999755859375,1214.0999755859375,19497.0,1214.0999755859375
2014-09-29,1222.199951171875,1214.800048828125,1216.300048828125,1217.5,6344.0,1217.5
2014-09-30,1218.199951171875,1204.0,1214.800048828125,1210.5,680.0,1210.5
2014-10-01,1217.800048828125,1205.5,1207.699951171875,1214.5999755859375,178.0,1214.5999755859375
2014-10-02,1219.5,1210.300048828125,1215.300048828125,1214.199951171875,176.0,1214.199951171875
2014-10-03,1212.4000244140625,1191.0,1212.4000244140625,1192.199951171875,499.0,1192.199951171875
2014-10-06,1208.0,1182.800048828125,1187.699951171875,1206.699951171875,415.0,1206.699951171875
2014-10-07,1211.699951171875,1205.300048828125,1209.0999755859375,1211.699951171875,272.0,1211.699951171875
2014-10-08,1217.9000244140625,1205.300048828125,1210.199951171875,1205.300048828125,9.0,1205.300048828125
2014-10-09,1229.0,1223.9000244140625,1223.9000244140625,1224.5999755859375,19.0,1224.5999755859375
2014-10-10,1223.5,1217.0,1223.5,1221.0,186.0,1221.0
2014-10-13,1234.0,1227.0,1229.800048828125,1229.300048828125,103.0,1229.300048828125
2014-10-14,1235.9000244140625,1233.5999755859375,1235.9000244140625,1233.5999755859375,73.0,1233.5999755859375
2014-10-15,1247.0,1243.699951171875,1243.699951171875,1244.0999755859375,250.0,1244.0999755859375
2014-10-16,1243.0,1236.699951171875,1242.0999755859375,1240.5,6.0,1240.5
2014-10-17,1238.300048828125,1232.5999755859375,1237.4000244140625,1238.300048828125,356.0,1238.300048828125
2014-10-20,1244.0,1235.4000244140625,1237.300048828125,1244.0,105.0,1244.0
2014-10-21,1251.0,1251.0,1251.0,1251.0,48.0,1251.0
2014-10-22,1244.800048828125,1244.800048828125,1244.800048828125,1244.800048828125,2.0,1244.800048828125
2014-10-23,1228.5,1227.9000244140625,1228.0,1228.5,2.0,1228.5
2014-10-24,1232.699951171875,1229.4000244140625,1229.4000244140625,1231.199951171875,71.0,1231.199951171875
2014-10-27,1230.199951171875,1227.300048828125,1230.199951171875,1229.0999755859375,282.0,1229.0999755859375
2014-10-28,1231.0,1224.699951171875,1224.9000244140625,1229.199951171875,46.0,1229.199951171875
2014-10-29,1224.300048828125,1224.300048828125,1224.300048828125,1224.300048828125,631.0,1224.300048828125
2014-10-30,1214.699951171875,1195.800048828125,1213.699951171875,1198.0999755859375,521.0,1198.0999755859375
2014-10-31,1199.699951171875,1161.4000244140625,1199.5999755859375,1171.0999755859375,260.0,1171.0999755859375
2014-11-03,1172.300048828125,1163.0999755859375,1166.4000244140625,1169.4000244140625,60.0,1169.4000244140625
2014-11-04,1171.0,1165.0,1166.9000244140625,1167.4000244140625,40.0,1167.4000244140625
2014-11-05,1168.699951171875,1137.800048828125,1168.0999755859375,1145.4000244140625,157.0,1145.4000244140625
2014-11-06,1147.5,1137.9000244140625,1141.0999755859375,1142.300048828125,137.0,1142.300048828125
2014-11-07,1169.699951171875,1133.0,1139.9000244140625,1169.5999755859375,97.0,1169.5999755859375
2014-11-10,1171.0,1150.699951171875,1171.0,1159.5999755859375,40.0,1159.5999755859375
2014-11-11,1170.5,1151.5999755859375,1155.0,1162.800048828125,22.0,1162.800048828125
2014-11-12,1168.0999755859375,1157.5,1162.5,1158.9000244140625,17.0,1158.9000244140625
2014-11-13,1164.5,1155.0,1163.699951171875,1161.0999755859375,1047.0,1161.0999755859375
2014-11-14,1191.0,1148.0,1155.199951171875,1185.0,486.0,1185.0
2014-11-17,1186.9000244140625,1180.5999755859375,1183.0999755859375,1183.0,17.0,1183.0
2014-11-18,1197.0999755859375,1193.9000244140625,1197.0999755859375,1196.699951171875,2.0,1196.699951171875
2014-11-19,1198.300048828125,1190.5999755859375,1196.5,1193.5999755859375,23.0,1193.5999755859375
2014-11-20,1191.9000244140625,1190.699951171875,1191.800048828125,1190.699951171875,3.0,1190.699951171875
2014-11-21,1202.4000244140625,1189.0,1191.0,1197.5,20.0,1197.5
2014-11-24,1197.9000244140625,1195.5,1197.699951171875,1195.5,17.0,1195.5
2014-11-25,1197.0999755859375,1197.0999755859375,1197.0999755859375,1197.0999755859375,210753.0,1197.0999755859375
2014-11-26,1201.0,1193.699951171875,1200.5,1196.5999755859375,75297.0,1196.5999755859375
2014-12-01,1220.4000244140625,1141.699951171875,1160.0,1218.0,5524.0,1218.0
2014-12-02,1212.300048828125,1191.300048828125,1212.300048828125,1199.199951171875,1236.0,1199.199951171875
2014-12-03,1213.699951171875,1196.0999755859375,1198.0999755859375,1208.5,440.0,1208.5
2014-12-04,1213.0,1201.5999755859375,1208.199951171875,1207.5,358.0,1207.5
2014-12-05,1206.0,1186.699951171875,1203.0999755859375,1190.0999755859375,560.0,1190.0999755859375
2014-12-08,1207.0,1187.199951171875,1190.5999755859375,1194.699951171875,183.0,1194.699951171875
2014-12-09,1238.0,1202.0,1202.0,1231.5,314.0,1231.5
2014-12-10,1234.5999755859375,1226.5999755859375,1231.199951171875,1228.9000244140625,306.0,1228.9000244140625
2014-12-11,1231.199951171875,1216.199951171875,1226.5999755859375,1225.0999755859375,264.0,1225.0999755859375
2014-12-12,1227.800048828125,1216.199951171875,1227.800048828125,1222.0,203.0,1222.0
2014-12-15,1223.0999755859375,1198.4000244140625,1223.0999755859375,1207.199951171875,77.0,1207.199951171875
2014-12-16,1222.0,1192.699951171875,1197.199951171875,1193.9000244140625,223.0,1193.9000244140625
2014-12-17,1199.5999755859375,1184.0,1198.199951171875,1194.300048828125,94.0,1194.300048828125
2014-12-18,1207.300048828125,1189.699951171875,1189.699951171875,1194.699951171875,197.0,1194.699951171875
2014-12-19,1200.800048828125,1195.9000244140625,1198.0,1195.9000244140625,96.0,1195.9000244140625
2014-12-22,1198.0,1172.699951171875,1198.0,1179.699951171875,223.0,1179.699951171875
2014-12-23,1180.300048828125,1175.0,1179.300048828125,1177.9000244140625,232.0,1177.9000244140625
2014-12-26,1195.300048828125,1177.199951171875,1177.199951171875,1195.300048828125,124.0,1195.300048828125
2014-12-29,1186.5,1181.300048828125,1186.5,1181.699951171875,180.0,1181.699951171875
2014-12-30,1210.300048828125,1181.4000244140625,1181.4000244140625,1200.199951171875,191.0,1200.199951171875
2014-12-31,1199.199951171875,1182.699951171875,1199.199951171875,1183.9000244140625,92.0,1183.9000244140625
2015-01-02,1194.5,1169.5,1184.0,1186.0,138.0,1186.0
2015-01-05,1206.9000244140625,1180.0999755859375,1180.300048828125,1203.9000244140625,470.0,1203.9000244140625
2015-01-06,1220.0,1203.5,1203.5,1219.300048828125,97.0,1219.300048828125
2015-01-07,1219.199951171875,1210.5999755859375,1219.199951171875,1210.5999755859375,29.0,1210.5999755859375
2015-01-08,1215.699951171875,1206.300048828125,1207.0,1208.4000244140625,92.0,1208.4000244140625
2015-01-09,1220.199951171875,1210.300048828125,1211.0999755859375,1216.0,43.0,1216.0
2015-01-12,1234.4000244140625,1219.0999755859375,1224.199951171875,1232.699951171875,100.0,1232.699951171875
2015-01-13,1239.300048828125,1230.300048828125,1239.199951171875,1234.300048828125,20.0,1234.300048828125
2015-01-14,1243.800048828125,1225.5999755859375,1229.5999755859375,1234.4000244140625,21.0,1234.4000244140625
2015-01-15,1265.0,1227.300048828125,1231.5,1264.699951171875,130.0,1264.699951171875
2015-01-16,1279.699951171875,1256.0999755859375,1256.0999755859375,1276.9000244140625,44.0,1276.9000244140625
2015-01-20,1297.300048828125,1273.800048828125,1278.9000244140625,1294.199951171875,157.0,1294.199951171875
2015-01-21,1303.5,1286.699951171875,1295.199951171875,1293.699951171875,78.0,1293.699951171875
2015-01-22,1302.0999755859375,1283.5,1293.199951171875,1300.699951171875,131.0,1300.699951171875
2015-01-23,1299.800048828125,1292.5999755859375,1299.800048828125,1292.5999755859375,23.0,1292.5999755859375
2015-01-26,1290.5999755859375,1279.4000244140625,1289.5,1279.4000244140625,26.0,1279.4000244140625
2015-01-27,1291.699951171875,1277.199951171875,1277.199951171875,1291.699951171875,20.0,1291.699951171875
2015-01-28,1286.800048828125,1285.9000244140625,1285.9000244140625,1285.9000244140625,180387.0,1285.9000244140625
2015-01-29,1285.4000244140625,1251.0,1283.300048828125,1254.5999755859375,67983.0,1254.5999755859375
2015-01-30,1284.300048828125,1257.0,1258.0,1278.5,8626.0,1278.5
2015-02-02,1284.0999755859375,1266.0,1284.0999755859375,1276.199951171875,1654.0,1276.199951171875
2015-02-03,1284.699951171875,1255.300048828125,1273.5,1259.699951171875,2380.0,1259.699951171875
2015-02-04,1271.5999755859375,1256.800048828125,1262.0,1263.800048828125,668.0,1263.800048828125
2015-02-05,1272.5999755859375,1257.800048828125,1271.800048828125,1262.0,133.0,1262.0
2015-02-06,1267.5999755859375,1228.0,1265.0,1233.9000244140625,432.0,1233.9000244140625
2015-02-09,1242.300048828125,1235.4000244140625,1237.5,1240.800048828125,319.0,1240.800048828125
2015-02-10,1245.0,1231.199951171875,1237.5,1231.5999755859375,231.0,1231.5999755859375
2015-02-11,1237.4000244140625,1219.0,1233.300048828125,1219.0,102.0,1219.0
2015-02-12,1229.800048828125,1217.9000244140625,1217.9000244140625,1220.0999755859375,99.0,1220.0999755859375
2015-02-13,1232.800048828125,1222.199951171875,1222.199951171875,1226.5,65.0,1226.5
2015-02-17,1234.0,1203.0,1227.699951171875,1208.0999755859375,204.0,1208.0999755859375
2015-02-18,1210.199951171875,1197.800048828125,1207.0999755859375,1199.699951171875,147.0,1199.699951171875
2015-02-19,1220.0,1205.0,1216.5,1207.0999755859375,65.0,1207.0999755859375
2015-02-20,1213.0999755859375,1199.0999755859375,1206.5,1204.4000244140625,51.0,1204.4000244140625
2015-02-23,1203.300048828125,1191.5999755859375,1201.300048828125,1200.300048828125,268.0,1200.300048828125
2015-02-24,1203.5,1193.800048828125,1203.4000244140625,1196.9000244140625,151.0,1196.9000244140625
2015-02-25,1204.5999755859375,1201.0,1204.300048828125,1201.0,570.0,1201.0
2015-02-26,1219.0,1204.800048828125,1204.800048828125,1209.5999755859375,560.0,1209.5999755859375
2015-02-27,1217.800048828125,1204.5,1207.699951171875,1212.5999755859375,195.0,1212.5999755859375
2015-03-02,1222.699951171875,1204.9000244140625,1214.300048828125,1207.699951171875,124.0,1207.699951171875
2015-03-03,1212.0,1195.0,1201.5,1204.0,51.0,1204.0
2015-03-04,1206.9000244140625,1198.0,1204.800048828125,1200.5999755859375,27.0,1200.5999755859375
2015-03-05,1205.4000244140625,1195.9000244140625,1201.699951171875,1195.9000244140625,29.0,1195.9000244140625
2015-03-06,1195.699951171875,1163.699951171875,1195.0,1164.0999755859375,168.0,1164.0999755859375
2015-03-09,1174.199951171875,1166.300048828125,1169.4000244140625,1166.4000244140625,45.0,1166.4000244140625
2015-03-10,1168.4000244140625,1156.5,1166.4000244140625,1160.0999755859375,94.0,1160.0999755859375
2015-03-11,1162.0,1147.699951171875,1162.0,1150.699951171875,74.0,1150.699951171875
2015-03-12,1160.5,1149.699951171875,1155.4000244140625,1152.0999755859375,63.0,1152.0999755859375
2015-03-13,1159.199951171875,1152.5999755859375,1158.199951171875,1152.5999755859375,44.0,1152.5999755859375
2015-03-16,1162.300048828125,1150.0999755859375,1159.699951171875,1153.300048828125,56.0,1153.300048828125
2015-03-17,1158.199951171875,1144.300048828125,1153.5999755859375,1148.300048828125,71.0,1148.300048828125
2015-03-18,1174.300048828125,1147.0,1148.699951171875,1151.4000244140625,112.0,1151.4000244140625
2015-03-19,1171.5999755859375,1159.300048828125,1171.5999755859375,1169.0999755859375,39.0,1169.0999755859375
2015-03-20,1185.4000244140625,1171.0,1171.0,1184.800048828125,54.0,1184.800048828125
2015-03-23,1188.0,1181.199951171875,1181.5999755859375,1188.0,5.0,1188.0
2015-03-24,1193.0,1186.0,1188.0,1191.699951171875,411.0,1191.699951171875
2015-03-25,1199.199951171875,1192.5,1192.5,1197.300048828125,11.0,1197.300048828125
2015-03-26,1213.699951171875,1198.199951171875,1198.199951171875,1205.0999755859375,68.0,1205.0999755859375
2015-03-27,1199.800048828125,1196.300048828125,1197.0,1199.800048828125,172260.0,1199.800048828125
2015-03-30,1198.5,1181.5999755859375,1198.0,1184.800048828125,37990.0,1184.800048828125
2015-03-31,1190.0999755859375,1178.199951171875,1185.800048828125,1183.0999755859375,3409.0,1183.0999755859375
2015-04-01,1208.199951171875,1181.0,1182.9000244140625,1208.0999755859375,1632.0,1208.0999755859375
2015-04-02,1205.699951171875,1194.800048828125,1204.0,1200.9000244140625,1684.0,1200.9000244140625
2015-04-06,1224.199951171875,1209.9000244140625,1209.9000244140625,1218.5999755859375,343.0,1218.5999755859375
2015-04-07,1214.800048828125,1208.199951171875,1214.800048828125,1210.5999755859375,406.0,1210.5999755859375
2015-04-08,1211.4000244140625,1197.5999755859375,1208.9000244140625,1203.0999755859375,236.0,1203.0999755859375
2015-04-09,1202.5,1193.0,1201.699951171875,1193.5999755859375,521.0,1193.5999755859375
2015-04-10,1209.5999755859375,1195.800048828125,1195.800048828125,1204.5999755859375,202.0,1204.5999755859375
2015-04-13,1208.0999755859375,1198.300048828125,1208.0999755859375,1199.300048828125,424.0,1199.300048828125
2015-04-14,1200.5999755859375,1184.0999755859375,1198.800048828125,1192.800048828125,546.0,1192.800048828125
2015-04-15,1203.0999755859375,1188.5999755859375,1194.5999755859375,1201.5,196.0,1201.5
2015-04-16,1208.5,1194.5999755859375,1204.300048828125,1198.0,199.0,1198.0
2015-04-17,1206.0,1200.199951171875,1200.199951171875,1202.9000244140625,21.0,1202.9000244140625
2015-04-20,1206.9000244140625,1191.0,1205.699951171875,1193.5,67.0,1193.5
2015-04-21,1202.9000244140625,1192.800048828125,1193.199951171875,1202.9000244140625,33.0,1202.9000244140625
2015-04-22,1202.5999755859375,1185.199951171875,1199.0999755859375,1186.9000244140625,93.0,1186.9000244140625
2015-04-23,1197.0,1186.0999755859375,1187.199951171875,1194.4000244140625,331.0,1194.4000244140625
2015-04-24,1194.699951171875,1174.5999755859375,1192.300048828125,1175.199951171875,52.0,1175.199951171875
2015-04-27,1206.699951171875,1181.4000244140625,1182.300048828125,1203.300048828125,194.0,1203.300048828125
2015-04-28,1214.0,1199.699951171875,1199.699951171875,1214.0,401.0,1214.0
2015-04-29,1212.5999755859375,1201.9000244140625,1211.199951171875,1209.800048828125,114.0,1209.800048828125
2015-04-30,1205.9000244140625,1176.699951171875,1203.0999755859375,1182.4000244140625,143.0,1182.4000244140625
2015-05-01,1178.0999755859375,1170.0,1178.0999755859375,1174.5,23.0,1174.5
2015-05-04,1189.4000244140625,1177.5,1177.5,1186.800048828125,38.0,1186.800048828125
2015-05-05,1198.699951171875,1186.9000244140625,1187.5,1193.199951171875,48.0,1193.199951171875
2015-05-06,1194.5999755859375,1189.9000244140625,1194.5,1190.300048828125,14.0,1190.300048828125
2015-05-07,1186.0,1179.699951171875,1181.5,1182.4000244140625,44.0,1182.4000244140625
2015-05-08,1189.0999755859375,1182.9000244140625,1183.300048828125,1189.0999755859375,51.0,1189.0999755859375
2015-05-11,1190.5,1179.300048828125,1189.699951171875,1183.199951171875,26.0,1183.199951171875
2015-05-12,1194.800048828125,1189.699951171875,1194.5999755859375,1192.5999755859375,10.0,1192.5999755859375
2015-05-13,1218.4000244140625,1191.0,1192.699951171875,1218.4000244140625,34.0,1218.4000244140625
2015-05-14,1225.5999755859375,1214.5,1214.5,1225.4000244140625,35.0,1225.4000244140625
2015-05-15,1225.5,1214.800048828125,1218.5,1225.5,12.0,1225.5
2015-05-18,1228.0999755859375,1222.5999755859375,1224.5,1227.800048828125,8.0,1227.800048828125
2015-05-19,1223.9000244140625,1206.0,1223.9000244140625,1206.9000244140625,9.0,1206.9000244140625
2015-05-20,1210.800048828125,1205.0999755859375,1205.0999755859375,1208.9000244140625,11.0,1208.9000244140625
2015-05-21,1204.5,1203.699951171875,1204.5,1204.4000244140625,43.0,1204.4000244140625
2015-05-22,1211.9000244140625,1204.300048828125,1211.5999755859375,1204.300048828125,8.0,1204.300048828125
2015-05-26,1193.5999755859375,1186.0,1193.5999755859375,1187.199951171875,40.0,1187.199951171875
2015-05-27,1185.9000244140625,1185.9000244140625,1185.9000244140625,1185.9000244140625,200216.0,1185.9000244140625
2015-05-28,1192.0,1179.5999755859375,1187.0999755859375,1188.0999755859375,52705.0,1188.0999755859375
2015-05-29,1193.300048828125,1185.699951171875,1187.800048828125,1189.4000244140625,4748.0,1189.4000244140625
2015-06-01,1204.0,1184.300048828125,1190.5999755859375,1188.300048828125,1236.0,1188.300048828125
2015-06-02,1194.300048828125,1186.0,1189.0,1194.0999755859375,1003.0,1194.0999755859375
2015-06-03,1193.9000244140625,1179.0999755859375,1193.9000244140625,1184.699951171875,630.0,1184.699951171875
2015-06-04,1185.300048828125,1173.0,1184.9000244140625,1174.9000244140625,447.0,1174.9000244140625
2015-06-05,1177.300048828125,1164.0,1176.4000244140625,1167.800048828125,390.0,1167.800048828125
2015-06-08,1176.0999755859375,1169.0999755859375,1169.5,1173.199951171875,173.0,1173.199951171875
2015-06-09,1180.300048828125,1172.699951171875,1172.9000244140625,1177.300048828125,144.0,1177.300048828125
2015-06-10,1190.0999755859375,1175.5999755859375,1176.0999755859375,1186.0999755859375,295.0,1186.0999755859375
2015-06-11,1183.199951171875,1174.4000244140625,1183.199951171875,1179.9000244140625,69.0,1179.9000244140625
2015-06-12,1181.199951171875,1176.199951171875,1180.4000244140625,1178.800048828125,141.0,1178.800048828125
2015-06-15,1188.5,1172.699951171875,1179.9000244140625,1185.300048828125,102.0,1185.300048828125
2015-06-16,1186.5,1175.9000244140625,1186.5,1180.5,29.0,1180.5
2015-06-17,1186.300048828125,1174.9000244140625,1177.5999755859375,1176.4000244140625,168.0,1176.4000244140625
2015-06-18,1202.0,1183.4000244140625,1183.4000244140625,1201.5,130.0,1201.5
2015-06-19,1203.0999755859375,1199.699951171875,1199.699951171875,1201.5,142.0,1201.5
2015-06-22,1197.800048828125,1182.699951171875,1197.800048828125,1183.699951171875,30.0,1183.699951171875
2015-06-23,1186.0,1176.199951171875,1183.800048828125,1176.199951171875,60.0,1176.199951171875
2015-06-24,1176.5999755859375,1170.699951171875,1176.5999755859375,1172.5999755859375,263.0,1172.5999755859375
2015-06-25,1175.9000244140625,1171.5,1175.800048828125,1171.5,95.0,1171.5
2015-06-26,1172.9000244140625,1170.5,1170.5,1172.9000244140625,308.0,1172.9000244140625
2015-06-29,1186.0,1173.800048828125,1185.0999755859375,1178.5,174.0,1178.5
2015-06-30,1176.4000244140625,1166.5999755859375,1176.300048828125,1171.5,223.0,1171.5
2015-07-01,1173.0999755859375,1166.5999755859375,1173.0999755859375,1169.0,455.0,1169.0
2015-07-02,1168.0999755859375,1155.5,1166.4000244140625,1163.0,316.0,1163.0
2015-07-06,1173.0,1162.199951171875,1171.0999755859375,1172.9000244140625,634.0,1172.9000244140625
2015-07-07,1166.800048828125,1149.5,1166.800048828125,1152.4000244140625,469.0,1152.4000244140625
2015-07-08,1163.300048828125,1146.4000244140625,1152.5999755859375,1163.300048828125,65.0,1163.300048828125
2015-07-09,1163.5999755859375,1154.800048828125,1154.800048828125,1159.0,65.0,1159.0
2015-07-10,1161.4000244140625,1157.5,1160.0999755859375,1157.699951171875,27.0,1157.699951171875
2015-07-13,1159.0,1151.199951171875,1159.0,1155.199951171875,14.0,1155.199951171875
2015-07-14,1157.199951171875,1153.0,1157.199951171875,1153.300048828125,39.0,1153.300048828125
2015-07-15,1154.0,1144.800048828125,1154.0,1147.199951171875,15.0,1147.199951171875
2015-07-16,1146.199951171875,1142.9000244140625,1146.199951171875,1143.800048828125,14.0,1143.800048828125
2015-07-17,1144.0,1130.199951171875,1144.0,1131.800048828125,120.0,1131.800048828125
2015-07-20,1130.699951171875,1095.0999755859375,1130.4000244140625,1106.699951171875,189.0,1106.699951171875
2015-07-21,1106.4000244140625,1097.0999755859375,1097.0999755859375,1103.4000244140625,118.0,1103.4000244140625
2015-07-22,1095.0,1086.0,1093.0,1091.4000244140625,46.0,1091.4000244140625
2015-07-23,1097.5999755859375,1087.800048828125,1097.4000244140625,1094.0,64.0,1094.0
2015-07-24,1100.699951171875,1078.5999755859375,1078.5999755859375,1085.5999755859375,52.0,1085.5999755859375
2015-07-27,1102.5,1093.9000244140625,1100.0,1096.5,19.0,1096.5
2015-07-28,1097.699951171875,1096.300048828125,1097.199951171875,1096.300048828125,31.0,1096.300048828125
2015-07-29,1096.9000244140625,1092.699951171875,1096.4000244140625,1092.699951171875,159142.0,1092.699951171875
2015-07-30,1097.5,1081.0,1096.0999755859375,1088.4000244140625,49298.0,1088.4000244140625
2015-07-31,1102.800048828125,1079.0999755859375,1087.699951171875,1094.9000244140625,5700.0,1094.9000244140625
2015-08-03,1097.0999755859375,1085.0,1095.5,1089.4000244140625,2418.0,1089.4000244140625
2015-08-04,1093.9000244140625,1080.5,1085.0999755859375,1090.699951171875,1139.0,1090.699951171875
2015-08-05,1090.5999755859375,1082.5,1086.5,1085.699951171875,1207.0,1085.699951171875
2015-08-06,1092.199951171875,1083.5999755859375,1084.4000244140625,1090.199951171875,269.0,1090.199951171875
2015-08-07,1098.300048828125,1081.699951171875,1088.9000244140625,1094.0999755859375,614.0,1094.0999755859375
2015-08-10,1107.5999755859375,1089.5,1093.199951171875,1104.199951171875,900.0,1104.199951171875
2015-08-11,1116.699951171875,1094.0,1103.800048828125,1107.5999755859375,997.0,1107.5999755859375
2015-08-12,1124.5,1101.5,1106.0,1123.199951171875,797.0,1123.199951171875
2015-08-13,1124.300048828125,1113.0,1124.300048828125,1115.699951171875,441.0,1115.699951171875
2015-08-14,1118.800048828125,1112.5,1113.9000244140625,1112.9000244140625,908.0,1112.9000244140625
2015-08-17,1122.0,1113.800048828125,1113.800048828125,1118.5999755859375,399.0,1118.5999755859375
2015-08-18,1118.4000244140625,1110.0,1118.199951171875,1117.0999755859375,475.0,1117.0999755859375
2015-08-19,1134.300048828125,1116.800048828125,1117.0,1128.0999755859375,348.0,1128.0999755859375
2015-08-20,1153.300048828125,1132.800048828125,1132.800048828125,1153.0,409.0,1153.0
2015-08-21,1166.5,1150.5,1154.0999755859375,1159.5999755859375,261.0,1159.5999755859375
2015-08-24,1169.0,1147.5,1164.0,1153.4000244140625,299.0,1153.4000244140625
2015-08-25,1155.5,1134.0,1151.5,1138.199951171875,217.0,1138.199951171875
2015-08-26,1143.0,1119.5999755859375,1139.199951171875,1124.5999755859375,116.0,1124.5999755859375
2015-08-27,1127.4000244140625,1118.4000244140625,1127.199951171875,1122.4000244140625,564.0,1122.4000244140625
2015-08-28,1139.0,1123.5999755859375,1125.300048828125,1133.0999755859375,279.0,1133.0999755859375
2015-08-31,1134.0,1124.800048828125,1131.0999755859375,1131.5999755859375,194.0,1131.5999755859375
2015-09-01,1144.699951171875,1133.5,1133.5,1138.699951171875,375.0,1138.699951171875
2015-09-02,1140.4000244140625,1130.800048828125,1137.300048828125,1132.5,201.0,1132.5
2015-09-03,1132.9000244140625,1120.300048828125,1130.300048828125,1123.699951171875,122.0,1123.699951171875
2015-09-04,1125.199951171875,1116.199951171875,1123.4000244140625,1120.5999755859375,51.0,1120.5999755859375
2015-09-08,1124.300048828125,1116.4000244140625,1119.800048828125,1120.4000244140625,138.0,1120.4000244140625
2015-09-09,1123.5,1102.0999755859375,1123.5,1102.199951171875,150.0,1102.199951171875
2015-09-10,1113.5,1105.5,1107.300048828125,1109.5,56.0,1109.5
2015-09-11,1111.699951171875,1098.199951171875,1110.800048828125,1103.5,81.0,1103.5
2015-09-14,1108.5999755859375,1104.0999755859375,1107.800048828125,1107.699951171875,19.0,1107.699951171875
2015-09-15,1104.5,1102.800048828125,1104.5,1102.800048828125,8.0,1102.800048828125
2015-09-16,1119.9000244140625,1109.800048828125,1109.800048828125,1119.199951171875,31.0,1119.199951171875
2015-09-17,1130.5,1117.0999755859375,1118.5999755859375,1117.300048828125,14.0,1117.300048828125
2015-09-18,1141.199951171875,1127.800048828125,1128.300048828125,1138.0999755859375,59.0,1138.0999755859375
2015-09-21,1138.5,1130.800048828125,1137.5999755859375,1133.0999755859375,17.0,1133.0999755859375
2015-09-22,1135.0,1122.5,1132.5999755859375,1125.0,43.0,1125.0
2015-09-23,1132.199951171875,1128.300048828125,1128.5999755859375,1131.5999755859375,33.0,1131.5999755859375
2015-09-24,1155.9000244140625,1133.0,1133.0,1153.800048828125,37.0,1153.800048828125
2015-09-25,1149.800048828125,1143.4000244140625,1149.800048828125,1146.0,56.0,1146.0
2015-09-28,1133.199951171875,1132.0,1133.199951171875,1132.0,4346.0,1132.0
2015-09-29,1134.4000244140625,1124.300048828125,1132.199951171875,1127.0999755859375,2417.0,1127.0999755859375
2015-09-30,1126.0,1112.0999755859375,1124.300048828125,1115.5,865.0,1115.5
2015-10-01,1119.0,1113.300048828125,1115.199951171875,1114.199951171875,1181.0,1114.199951171875
2015-10-02,1141.199951171875,1105.800048828125,1112.199951171875,1137.0999755859375,323.0,1137.0999755859375
2015-10-05,1141.699951171875,1132.5,1137.0999755859375,1138.0999755859375,226.0,1138.0999755859375
2015-10-06,1150.0,1136.300048828125,1136.300048828125,1146.800048828125,145.0,1146.800048828125
2015-10-07,1152.9000244140625,1143.0,1147.5999755859375,1149.0,104.0,1149.0
2015-10-08,1146.699951171875,1138.699951171875,1142.699951171875,1144.699951171875,138.0,1144.699951171875
2015-10-09,1157.199951171875,1151.5999755859375,1151.5999755859375,1156.300048828125,22.0,1156.300048828125
2015-10-12,1166.800048828125,1155.9000244140625,1155.9000244140625,1164.9000244140625,40.0,1164.9000244140625
2015-10-13,1166.199951171875,1154.9000244140625,1163.5,1165.800048828125,132.0,1165.800048828125
2015-10-14,1189.0,1167.300048828125,1172.4000244140625,1180.0999755859375,143.0,1180.0999755859375
2015-10-15,1188.300048828125,1177.800048828125,1184.199951171875,1187.9000244140625,143.0,1187.9000244140625
2015-10-16,1184.0999755859375,1176.199951171875,1182.5,1183.5999755859375,243.0,1183.5999755859375
2015-10-19,1177.800048828125,1169.300048828125,1176.5,1173.300048828125,62.0,1173.300048828125
2015-10-20,1179.0999755859375,1168.699951171875,1168.699951171875,1178.0,19.0,1178.0
2015-10-21,1176.4000244140625,1164.9000244140625,1175.9000244140625,1167.5999755859375,41.0,1167.5999755859375
2015-10-22,1168.5999755859375,1163.5,1166.199951171875,1166.5999755859375,48.0,1166.5999755859375
2015-10-23,1178.699951171875,1163.300048828125,1166.199951171875,1163.300048828125,38.0,1163.300048828125
2015-10-26,1170.0,1163.800048828125,1165.0999755859375,1167.0,176.0,1167.0
2015-10-27,1166.800048828125,1162.0,1164.5,1166.800048828125,302.0,1166.800048828125
2015-10-28,1182.699951171875,1175.0999755859375,1175.0999755859375,1177.0999755859375,217.0,1177.0999755859375
2015-10-29,1162.0,1144.9000244140625,1158.0,1147.199951171875,329.0,1147.199951171875
2015-10-30,1147.5999755859375,1139.199951171875,1147.5,1141.5,249.0,1141.5
2015-11-02,1138.699951171875,1132.5999755859375,1137.9000244140625,1135.800048828125,180.0,1135.800048828125
2015-11-03,1134.699951171875,1114.199951171875,1133.300048828125,1114.199951171875,185.0,1114.199951171875
2015-11-04,1121.9000244140625,1106.5,1119.0,1106.5,141.0,1106.5
2015-11-05,1110.699951171875,1104.4000244140625,1107.9000244140625,1104.4000244140625,84.0,1104.4000244140625
2015-11-06,1109.5,1084.800048828125,1105.199951171875,1087.5999755859375,78.0,1087.5999755859375
2015-11-09,1088.5999755859375,1087.9000244140625,1088.5999755859375,1087.9000244140625,5.0,1087.9000244140625
2015-11-10,1091.300048828125,1085.0,1090.0999755859375,1088.199951171875,18.0,1088.199951171875
2015-11-11,1091.4000244140625,1084.199951171875,1091.4000244140625,1084.699951171875,15.0,1084.699951171875
2015-11-12,1086.5999755859375,1080.800048828125,1086.0,1080.800048828125,4.0,1080.800048828125
2015-11-13,1085.9000244140625,1080.800048828125,1083.0999755859375,1080.800048828125,23.0,1080.800048828125
2015-11-16,1092.4000244140625,1083.699951171875,1092.0,1083.699951171875,11.0,1083.699951171875
2015-11-17,1075.800048828125,1065.0999755859375,1075.5,1068.699951171875,6.0,1068.699951171875
2015-11-18,1071.9000244140625,1064.0,1064.0,1068.800048828125,5.0,1068.800048828125
2015-11-19,1082.4000244140625,1077.4000244140625,1077.4000244140625,1078.0,10.0,1078.0
2015-11-20,1082.9000244140625,1076.4000244140625,1082.9000244140625,1076.4000244140625,5.0,1076.4000244140625
2015-11-23,1071.5,1066.800048828125,1070.0,1066.800048828125,57.0,1066.800048828125
2015-11-24,1079.4000244140625,1073.199951171875,1073.199951171875,1074.300048828125,222.0,1074.300048828125
2015-11-25,1072.0,1068.5,1070.199951171875,1070.5,148662.0,1070.5
2015-11-27,1074.199951171875,1051.0999755859375,1070.699951171875,1056.199951171875,52133.0,1056.199951171875
2015-11-30,1068.4000244140625,1052.0999755859375,1056.5,1065.800048828125,4601.0,1065.800048828125
2015-12-01,1074.5999755859375,1063.4000244140625,1064.5999755859375,1063.800048828125,3441.0,1063.800048828125
2015-12-02,1069.5,1049.5999755859375,1068.699951171875,1054.199951171875,503.0,1054.199951171875
2015-12-03,1064.5999755859375,1046.199951171875,1054.4000244140625,1061.699951171875,1161.0,1061.699951171875
2015-12-04,1088.800048828125,1058.699951171875,1063.0,1084.5,889.0,1084.5
2015-12-07,1086.5,1067.4000244140625,1084.9000244140625,1076.4000244140625,656.0,1076.4000244140625
2015-12-08,1078.4000244140625,1069.5999755859375,1071.0,1076.300048828125,306.0,1076.300048828125
2015-12-09,1086.0,1070.5999755859375,1075.0999755859375,1077.5999755859375,386.0,1077.5999755859375
2015-12-10,1076.300048828125,1071.699951171875,1073.0,1073.0999755859375,226.0,1073.0999755859375
2015-12-11,1079.4000244140625,1064.4000244140625,1067.800048828125,1076.9000244140625,410.0,1076.9000244140625
2015-12-14,1076.699951171875,1060.0,1074.0,1064.699951171875,509.0,1064.699951171875
2015-12-15,1066.199951171875,1061.800048828125,1064.5999755859375,1062.9000244140625,220.0,1062.9000244140625
2015-12-16,1078.699951171875,1064.300048828125,1064.800048828125,1078.0,81.0,1078.0
2015-12-17,1072.5999755859375,1050.5,1072.5999755859375,1050.800048828125,56.0,1050.800048828125
2015-12-18,1070.300048828125,1052.699951171875,1053.699951171875,1066.199951171875,253.0,1066.199951171875
2015-12-21,1081.9000244140625,1070.199951171875,1070.199951171875,1081.9000244140625,26.0,1081.9000244140625
2015-12-22,1078.5999755859375,1073.800048828125,1078.5999755859375,1074.800048828125,106.0,1074.800048828125
2015-12-23,1074.800048828125,1069.4000244140625,1074.5,1069.4000244140625,202.0,1069.4000244140625
2015-12-24,1077.800048828125,1073.5,1074.300048828125,1077.199951171875,24.0,1077.199951171875
2015-12-28,1098.800048828125,1070.5,1077.9000244140625,1070.5,361.0,1070.5
2015-12-29,1079.699951171875,1077.5,1079.0999755859375,1077.5,252.0,1077.5
2015-12-30,1070.199951171875,1059.699951171875,1068.5999755859375,1060.0999755859375,71.0,1060.0999755859375
2015-12-31,1062.0,1058.5,1061.9000244140625,1060.300048828125,10.0,1060.300048828125
2016-01-04,1082.5,1063.199951171875,1063.4000244140625,1075.0999755859375,143.0,1075.0999755859375
2016-01-05,1081.5,1075.300048828125,1075.5999755859375,1078.4000244140625,82.0,1078.4000244140625
2016-01-06,1093.699951171875,1081.5999755859375,1081.5999755859375,1091.9000244140625,52.0,1091.9000244140625
2016-01-07,1109.4000244140625,1091.5999755859375,1091.5999755859375,1107.699951171875,122.0,1107.699951171875
2016-01-08,1111.0999755859375,1093.0,1111.0999755859375,1097.800048828125,98.0,1097.800048828125
2016-01-11,1107.9000244140625,1096.5,1105.699951171875,1096.5,43.0,1096.5
2016-01-12,1098.5,1084.0,1093.800048828125,1085.5999755859375,87.0,1085.5999755859375
2016-01-13,1093.9000244140625,1081.5,1081.5,1087.5,50.0,1087.5
2016-01-14,1091.5,1073.699951171875,1091.5,1073.9000244140625,59.0,1073.9000244140625
2016-01-15,1095.800048828125,1081.800048828125,1085.0,1091.5,44.0,1091.5
2016-01-19,1094.4000244140625,1084.9000244140625,1089.800048828125,1089.9000244140625,17.0,1089.9000244140625
2016-01-20,1109.800048828125,1099.800048828125,1099.800048828125,1107.0999755859375,30.0,1107.0999755859375
2016-01-21,1103.5999755859375,1094.0999755859375,1103.5999755859375,1099.0999755859375,16.0,1099.0999755859375
2016-01-22,1103.199951171875,1097.199951171875,1098.0,1097.199951171875,4.0,1097.199951171875
2016-01-25,1109.300048828125,1099.300048828125,1099.300048828125,1106.199951171875,8.0,1106.199951171875
2016-01-26,1121.699951171875,1114.300048828125,1115.0999755859375,1121.699951171875,181.0,1121.699951171875
2016-01-27,1117.800048828125,1115.800048828125,1117.800048828125,1116.0999755859375,168706.0,1116.0999755859375
2016-01-28,1125.699951171875,1109.800048828125,1125.4000244140625,1115.5999755859375,52861.0,1115.5999755859375
2016-01-29,1118.5999755859375,1108.800048828125,1114.4000244140625,1116.4000244140625,6955.0,1116.4000244140625
2016-02-01,1130.0,1115.300048828125,1116.699951171875,1127.9000244140625,1682.0,1127.9000244140625
2016-02-02,1131.4000244140625,1123.0,1128.300048828125,1127.300048828125,1230.0,1127.300048828125
2016-02-03,1146.0,1125.0,1128.5,1141.300048828125,1630.0,1141.300048828125
2016-02-04,1157.5999755859375,1141.0,1142.5,1157.5999755859375,771.0,1157.5999755859375
2016-02-05,1174.800048828125,1146.0,1155.5999755859375,1157.800048828125,877.0,1157.800048828125
2016-02-08,1200.4000244140625,1165.0,1173.5,1197.9000244140625,931.0,1197.9000244140625
2016-02-09,1199.199951171875,1186.699951171875,1188.699951171875,1198.699951171875,700.0,1198.699951171875
2016-02-10,1197.699951171875,1182.0999755859375,1189.800048828125,1194.699951171875,671.0,1194.699951171875
2016-02-11,1260.800048828125,1204.5999755859375,1205.5999755859375,1247.9000244140625,995.0,1247.9000244140625
2016-02-12,1247.800048828125,1233.5,1247.800048828125,1239.0999755859375,250.0,1239.0999755859375
2016-02-16,1233.5999755859375,1193.5999755859375,1233.0999755859375,1207.9000244140625,422.0,1207.9000244140625
2016-02-17,1212.9000244140625,1196.5,1196.5,1211.0999755859375,53.0,1211.0999755859375
2016-02-18,1239.199951171875,1201.5999755859375,1209.5999755859375,1226.0999755859375,315.0,1226.0999755859375
2016-02-19,1232.800048828125,1221.800048828125,1230.800048828125,1230.4000244140625,76.0,1230.4000244140625
2016-02-22,1226.0999755859375,1203.0,1226.0999755859375,1209.5,280.0,1209.5
2016-02-23,1226.0999755859375,1207.4000244140625,1207.4000244140625,1222.300048828125,351.0,1222.300048828125
2016-02-24,1250.0999755859375,1230.0,1230.0,1238.699951171875,111.0,1238.699951171875
2016-02-25,1241.5,1235.0,1239.4000244140625,1238.199951171875,1349.0,1238.199951171875
2016-02-26,1239.0999755859375,1212.199951171875,1232.4000244140625,1219.800048828125,656.0,1219.800048828125
2016-02-29,1241.0,1218.5999755859375,1218.5999755859375,1233.9000244140625,580.0,1233.9000244140625
2016-03-01,1248.4000244140625,1229.0,1240.5,1230.300048828125,477.0,1230.300048828125
2016-03-02,1242.5999755859375,1226.0,1232.800048828125,1241.0999755859375,267.0,1241.0999755859375
2016-03-03,1267.9000244140625,1238.0,1238.4000244140625,1257.4000244140625,123.0,1257.4000244140625
2016-03-04,1279.9000244140625,1250.9000244140625,1263.0,1269.9000244140625,268.0,1269.9000244140625
2016-03-07,1272.300048828125,1259.699951171875,1259.800048828125,1263.199951171875,67.0,1263.199951171875
2016-03-08,1276.300048828125,1261.0,1268.699951171875,1262.0999755859375,43.0,1262.0999755859375
2016-03-09,1260.0,1244.800048828125,1254.5,1256.5999755859375,79.0,1256.5999755859375
2016-03-10,1273.0,1237.5,1250.0,1272.0,119.0,1272.0
2016-03-11,1280.699951171875,1249.4000244140625,1270.0,1258.699951171875,87.0,1258.699951171875
2016-03-14,1258.0,1234.5,1256.0,1244.4000244140625,58.0,1244.4000244140625
2016-03-15,1236.0,1228.0,1228.300048828125,1230.4000244140625,37.0,1230.4000244140625
2016-03-16,1263.800048828125,1228.9000244140625,1229.5,1229.300048828125,45.0,1229.300048828125
2016-03-17,1270.0999755859375,1255.9000244140625,1261.5,1264.5,27.0,1264.5
2016-03-18,1264.4000244140625,1251.5,1257.0999755859375,1253.800048828125,542.0,1253.800048828125
2016-03-21,1256.199951171875,1243.4000244140625,1256.199951171875,1243.800048828125,1061.0,1243.800048828125
2016-03-22,1252.4000244140625,1243.800048828125,1244.0,1248.199951171875,20.0,1248.199951171875
2016-03-23,1247.699951171875,1218.5999755859375,1247.699951171875,1223.699951171875,28.0,1223.699951171875
2016-03-24,1221.4000244140625,1214.199951171875,1214.199951171875,1221.4000244140625,13.0,1221.4000244140625
2016-03-28,1222.199951171875,1210.0,1211.5,1219.9000244140625,33.0,1219.9000244140625
2016-03-29,1235.5999755859375,1217.699951171875,1217.800048828125,1235.5999755859375,189732.0,1235.5999755859375
2016-03-30,1245.0,1223.4000244140625,1241.4000244140625,1226.9000244140625,48248.0,1226.9000244140625
2016-03-31,1239.5999755859375,1224.5,1225.5999755859375,1234.199951171875,3377.0,1234.199951171875
2016-04-01,1235.199951171875,1209.199951171875,1232.300048828125,1222.199951171875,1602.0,1222.199951171875
2016-04-04,1222.300048828125,1215.0,1221.699951171875,1218.0,2038.0,1218.0
2016-04-05,1236.699951171875,1215.4000244140625,1215.4000244140625,1228.4000244140625,477.0,1228.4000244140625
2016-04-06,1230.4000244140625,1217.5999755859375,1230.4000244140625,1222.5,248.0,1222.5
2016-04-07,1242.9000244140625,1224.5999755859375,1224.800048828125,1236.199951171875,375.0,1236.199951171875
2016-04-08,1242.800048828125,1232.0,1241.0,1242.5,409.0,1242.5
2016-04-11,1258.699951171875,1241.5,1241.5,1256.699951171875,437.0,1256.699951171875
2016-04-12,1261.699951171875,1253.699951171875,1260.0,1259.4000244140625,185.0,1259.4000244140625
2016-04-13,1256.9000244140625,1241.300048828125,1256.5,1246.800048828125,203.0,1246.800048828125
2016-04-14,1243.699951171875,1224.5,1231.4000244140625,1225.0,264.0,1225.0
2016-04-15,1235.0,1225.699951171875,1225.699951171875,1233.0999755859375,97.0,1233.0999755859375
2016-04-18,1241.0999755859375,1232.199951171875,1238.699951171875,1233.5999755859375,304.0,1233.5999755859375
2016-04-19,1256.199951171875,1228.800048828125,1231.5999755859375,1253.0,386.0,1253.0
2016-04-20,1256.0999755859375,1243.0,1256.0999755859375,1253.199951171875,180.0,1253.199951171875
2016-04-21,1270.5999755859375,1247.5999755859375,1247.699951171875,1249.0,124.0,1249.0
2016-04-22,1248.5,1228.0,1248.5,1228.699951171875,188.0,1228.699951171875
2016-04-25,1240.9000244140625,1231.5999755859375,1231.5999755859375,1238.9000244140625,442.0,1238.9000244140625
2016-04-26,1244.199951171875,1233.0,1239.800048828125,1242.199951171875,97.0,1242.199951171875
2016-04-27,1249.5,1248.5999755859375,1248.5999755859375,1249.199951171875,547.0,1249.199951171875
2016-04-28,1270.0999755859375,1238.5,1245.9000244140625,1265.5,887.0,1265.5
2016-04-29,1295.5,1267.199951171875,1267.300048828125,1289.199951171875,464.0,1289.199951171875
2016-05-02,1304.4000244140625,1290.4000244140625,1292.0999755859375,1294.699951171875,192.0,1294.699951171875
2016-05-03,1301.5,1284.5,1292.699951171875,1290.699951171875,151.0,1290.699951171875
2016-05-04,1290.0,1273.0,1286.9000244140625,1273.300048828125,109.0,1273.300048828125
2016-05-05,1286.0,1270.800048828125,1282.9000244140625,1271.4000244140625,330.0,1271.4000244140625
2016-05-06,1295.5999755859375,1276.9000244140625,1278.5999755859375,1292.9000244140625,305.0,1292.9000244140625
2016-05-09,1286.5,1262.300048828125,1286.5,1265.5999755859375,341.0,1265.5999755859375
2016-05-10,1267.4000244140625,1258.699951171875,1265.0999755859375,1263.9000244140625,23.0,1263.9000244140625
2016-05-11,1279.199951171875,1266.9000244140625,1266.9000244140625,1274.5999755859375,50.0,1274.5999755859375
2016-05-12,1281.199951171875,1264.0,1267.0,1270.300048828125,101.0,1270.300048828125
2016-05-13,1275.699951171875,1264.5999755859375,1271.4000244140625,1271.9000244140625,66.0,1271.9000244140625
2016-05-16,1287.800048828125,1272.800048828125,1272.800048828125,1273.4000244140625,44.0,1273.4000244140625
2016-05-17,1281.5999755859375,1270.800048828125,1272.5,1276.199951171875,16.0,1276.199951171875
2016-05-18,1276.4000244140625,1256.800048828125,1276.4000244140625,1273.699951171875,17.0,1273.699951171875
2016-05-19,1255.5,1247.5,1248.0,1254.199951171875,69.0,1254.199951171875
2016-05-20,1256.5999755859375,1252.4000244140625,1256.5999755859375,1252.4000244140625,44.0,1252.4000244140625
2016-05-23,1251.5999755859375,1247.5,1251.5999755859375,1251.0999755859375,56.0,1251.0999755859375
2016-05-24,1240.0,1228.199951171875,1240.0,1228.9000244140625,20.0,1228.9000244140625
2016-05-25,1223.5,1218.5999755859375,1219.300048828125,1223.5,5.0,1223.5
2016-05-26,1232.5999755859375,1220.0999755859375,1232.5999755859375,1220.0999755859375,199778.0,1220.0999755859375
2016-05-27,1223.199951171875,1206.4000244140625,1220.300048828125,1213.800048828125,63739.0,1213.800048828125
2016-05-31,1217.5999755859375,1199.0,1212.5,1214.800048828125,6432.0,1214.800048828125
2016-06-01,1219.800048828125,1205.4000244140625,1215.699951171875,1211.9000244140625,2717.0,1211.9000244140625
2016-06-02,1217.0,1209.5999755859375,1212.4000244140625,1209.800048828125,1627.0,1209.800048828125
2016-06-03,1244.5,1206.4000244140625,1209.0999755859375,1240.0999755859375,1622.0,1240.0999755859375
2016-06-06,1247.300048828125,1240.0,1244.4000244140625,1244.5999755859375,1135.0,1244.5999755859375
2016-06-07,1244.9000244140625,1236.5,1244.0,1244.4000244140625,281.0,1244.4000244140625
2016-06-08,1264.0,1247.300048828125,1247.5999755859375,1259.800048828125,406.0,1259.800048828125
2016-06-09,1271.4000244140625,1258.0999755859375,1262.5,1270.199951171875,381.0,1270.199951171875
2016-06-10,1278.0,1265.300048828125,1267.5999755859375,1273.4000244140625,397.0,1273.4000244140625
2016-06-13,1287.300048828125,1273.0,1276.199951171875,1284.4000244140625,328.0,1284.4000244140625
2016-06-14,1289.699951171875,1277.800048828125,1281.800048828125,1285.5999755859375,554.0,1285.5999755859375
2016-06-15,1296.199951171875,1278.800048828125,1284.5999755859375,1285.800048828125,162.0,1285.800048828125
2016-06-16,1316.4000244140625,1281.0999755859375,1296.300048828125,1296.0999755859375,251.0,1296.0999755859375
2016-06-17,1300.0999755859375,1280.300048828125,1280.300048828125,1292.5,129.0,1292.5
2016-06-20,1291.199951171875,1280.300048828125,1288.9000244140625,1290.0,153.0,1290.0
2016-06-21,1293.9000244140625,1266.300048828125,1293.9000244140625,1270.5,134.0,1270.5
2016-06-22,1269.199951171875,1264.9000244140625,1267.0,1268.0,53.0,1268.0
2016-06-23,1270.5,1255.199951171875,1263.4000244140625,1261.199951171875,218.0,1261.199951171875
2016-06-24,1355.5999755859375,1253.699951171875,1253.699951171875,1320.0,694.0,1320.0
2016-06-27,1331.699951171875,1320.0,1330.0,1322.5,92.0,1322.5
2016-06-28,1315.5999755859375,1314.0999755859375,1314.800048828125,1315.300048828125,1072.0,1315.300048828125
2016-06-29,1327.4000244140625,1311.5999755859375,1311.5999755859375,1323.9000244140625,414.0,1323.9000244140625
2016-06-30,1323.5,1314.5,1315.800048828125,1318.4000244140625,560.0,1318.4000244140625
2016-07-01,1344.199951171875,1321.9000244140625,1324.5,1336.699951171875,137.0,1336.699951171875
2016-07-05,1356.800048828125,1339.699951171875,1342.199951171875,1356.4000244140625,90.0,1356.4000244140625
2016-07-06,1374.9000244140625,1359.0,1359.0,1364.9000244140625,130.0,1364.9000244140625
2016-07-07,1368.5999755859375,1350.5,1366.800048828125,1360.0999755859375,207.0,1360.0999755859375
2016-07-08,1365.800048828125,1335.0,1361.300048828125,1356.5999755859375,249.0,1356.5999755859375
2016-07-11,1371.800048828125,1353.0,1371.699951171875,1355.0,26.0,1355.0
2016-07-12,1356.0,1330.300048828125,1353.5999755859375,1334.0999755859375,252.0,1334.0999755859375
2016-07-13,1342.4000244140625,1336.699951171875,1341.5,1342.4000244140625,7.0,1342.4000244140625
2016-07-14,1341.4000244140625,1322.699951171875,1341.4000244140625,1331.300048828125,20.0,1331.300048828125
2016-07-15,1333.699951171875,1322.9000244140625,1333.699951171875,1326.5,52.0,1326.5
2016-07-18,1335.0,1326.199951171875,1327.5,1328.4000244140625,54.0,1328.4000244140625
2016-07-19,1333.199951171875,1326.4000244140625,1328.5,1331.5,322.0,1331.5
2016-07-20,1337.5,1315.5,1331.0,1318.800048828125,751.0,1318.800048828125
2016-07-21,1330.5,1312.800048828125,1312.800048828125,1330.5,318.0,1330.5
2016-07-22,1330.699951171875,1320.4000244140625,1330.699951171875,1323.0999755859375,55.0,1323.0999755859375
2016-07-25,1319.300048828125,1313.800048828125,1315.699951171875,1319.300048828125,548.0,1319.300048828125
2016-07-26,1320.699951171875,1315.199951171875,1315.199951171875,1320.699951171875,63.0,1320.699951171875
2016-07-27,1326.5999755859375,1326.0,1326.0,1326.5999755859375,215388.0,1326.5999755859375
2016-07-28,1344.300048828125,1330.0999755859375,1339.5,1332.300048828125,56908.0,1332.300048828125
2016-07-29,1353.300048828125,1325.800048828125,1333.199951171875,1349.0,6076.0,1349.0
2016-08-01,1353.5,1345.5999755859375,1348.800048828125,1351.4000244140625,1257.0,1351.4000244140625
2016-08-02,1366.0,1346.5999755859375,1352.0999755859375,1364.4000244140625,2941.0,1364.4000244140625
2016-08-03,1364.699951171875,1353.300048828125,1362.4000244140625,1356.0999755859375,715.0,1356.0999755859375
2016-08-04,1361.5999755859375,1347.0,1354.4000244140625,1358.800048828125,381.0,1358.800048828125
2016-08-05,1360.800048828125,1333.699951171875,1357.5999755859375,1336.4000244140625,1107.0,1336.4000244140625
2016-08-08,1335.4000244140625,1327.800048828125,1330.0,1333.4000244140625,587.0,1333.4000244140625
2016-08-09,1339.4000244140625,1328.5,1331.800048828125,1339.0,620.0,1339.0
2016-08-10,1354.199951171875,1344.300048828125,1344.800048828125,1344.300048828125,110.0,1344.300048828125
2016-08-11,1350.4000244140625,1334.800048828125,1341.5999755859375,1342.5,666.0,1342.5
2016-08-12,1351.800048828125,1333.199951171875,1336.800048828125,1335.800048828125,113.0,1335.800048828125
2016-08-15,1340.5999755859375,1333.5999755859375,1336.5,1340.300048828125,62.0,1340.300048828125
2016-08-16,1355.0,1341.0,1342.199951171875,1350.5,338.0,1350.5
2016-08-17,1347.300048828125,1338.5999755859375,1345.5,1342.699951171875,135.0,1342.699951171875
2016-08-18,1354.4000244140625,1348.199951171875,1351.300048828125,1351.199951171875,140.0,1351.199951171875
2016-08-19,1350.0999755859375,1338.5999755859375,1350.0999755859375,1340.4000244140625,197.0,1340.4000244140625
2016-08-22,1337.699951171875,1333.300048828125,1334.4000244140625,1337.699951171875,117.0,1337.699951171875
2016-08-23,1341.199951171875,1334.300048828125,1337.0,1340.5999755859375,551.0,1340.5999755859375
2016-08-24,1337.199951171875,1322.9000244140625,1337.199951171875,1324.4000244140625,262.0,1324.4000244140625
2016-08-25,1324.0,1317.0,1321.4000244140625,1320.0999755859375,58.0,1320.0999755859375
2016-08-26,1340.5,1320.0999755859375,1323.800048828125,1321.5,141.0,1321.5
2016-08-29,1323.0,1315.0,1315.0,1322.9000244140625,437.0,1322.9000244140625
2016-08-30,1322.0999755859375,1308.0,1322.0,1311.699951171875,705.0,1311.699951171875
2016-08-31,1313.699951171875,1306.300048828125,1310.300048828125,1306.9000244140625,214.0,1306.9000244140625
2016-09-01,1313.0999755859375,1301.5,1305.300048828125,1312.199951171875,225.0,1312.199951171875
2016-09-02,1326.699951171875,1309.199951171875,1309.5999755859375,1322.0999755859375,55.0,1322.0999755859375
2016-09-06,1349.4000244140625,1323.199951171875,1323.300048828125,1349.4000244140625,46.0,1349.4000244140625
2016-09-07,1350.5,1343.9000244140625,1348.4000244140625,1344.300048828125,14.0,1344.300048828125
2016-09-08,1345.4000244140625,1335.699951171875,1344.800048828125,1336.800048828125,30.0,1336.800048828125
2016-09-09,1338.5,1328.0,1338.5,1330.0999755859375,35.0,1330.0999755859375
2016-09-12,1329.300048828125,1319.9000244140625,1327.0,1321.0,177.0,1321.0
2016-09-13,1324.5999755859375,1315.0,1324.5999755859375,1319.0,79.0,1319.0
2016-09-14,1322.300048828125,1319.199951171875,1319.199951171875,1321.5,73.0,1321.5
2016-09-15,1320.699951171875,1310.800048828125,1320.699951171875,1313.5,37.0,1313.5
2016-09-16,1312.5999755859375,1305.800048828125,1312.199951171875,1305.800048828125,4.0,1305.800048828125
2016-09-19,1313.5,1313.5,1313.5,1313.5,20.0,1313.5
2016-09-20,1313.699951171875,1313.699951171875,1313.699951171875,1313.699951171875,97.0,1313.699951171875
2016-09-21,1326.9000244140625,1324.0,1326.300048828125,1326.9000244140625,76.0,1326.9000244140625
2016-09-22,1340.4000244140625,1338.199951171875,1338.5999755859375,1340.4000244140625,23.0,1340.4000244140625
2016-09-23,1337.199951171875,1337.199951171875,1337.199951171875,1337.199951171875,40.0,1337.199951171875
2016-09-26,1341.800048828125,1335.199951171875,1335.199951171875,1339.699951171875,24.0,1339.699951171875
2016-09-27,1328.699951171875,1325.9000244140625,1328.0,1325.9000244140625,48.0,1325.9000244140625
2016-09-28,1319.4000244140625,1319.4000244140625,1319.4000244140625,1319.4000244140625,10551.0,1319.4000244140625
2016-09-29,1325.0,1314.699951171875,1321.199951171875,1321.699951171875,6108.0,1321.699951171875
2016-09-30,1327.699951171875,1312.9000244140625,1320.5999755859375,1313.300048828125,868.0,1313.300048828125
2016-10-03,1316.800048828125,1308.199951171875,1313.5,1309.0,299.0,1309.0
2016-10-04,1310.199951171875,1266.300048828125,1307.5999755859375,1266.300048828125,1893.0,1266.300048828125
2016-10-05,1274.0,1261.300048828125,1272.0999755859375,1265.199951171875,246.0,1265.199951171875
2016-10-06,1265.300048828125,1249.800048828125,1265.300048828125,1249.800048828125,114.0,1249.800048828125
2016-10-07,1263.5999755859375,1248.9000244140625,1253.9000244140625,1248.9000244140625,169.0,1248.9000244140625
2016-10-11,1258.9000244140625,1253.0,1258.9000244140625,1253.0,26.0,1253.0
2016-10-12,1254.0,1251.0999755859375,1251.699951171875,1251.0999755859375,127.0,1251.0999755859375
2016-10-13,1259.0,1255.0,1258.699951171875,1255.0,315.0,1255.0
2016-10-14,1253.9000244140625,1250.5999755859375,1253.9000244140625,1253.0999755859375,311.0,1253.0999755859375
2016-10-17,1255.0,1249.9000244140625,1249.9000244140625,1254.4000244140625,41.0,1254.4000244140625
2016-10-18,1261.699951171875,1260.800048828125,1260.9000244140625,1260.800048828125,11.0,1260.800048828125
2016-10-19,1271.5,1262.9000244140625,1262.9000244140625,1267.9000244140625,219.0,1267.9000244140625
2016-10-20,1270.5,1265.5,1270.0,1265.5999755859375,415.0,1265.5999755859375
2016-10-21,1265.9000244140625,1265.9000244140625,1265.9000244140625,1265.9000244140625,224.0,1265.9000244140625
2016-10-24,1269.199951171875,1261.800048828125,1269.199951171875,1262.0,42.0,1262.0
2016-10-25,1274.0999755859375,1264.0999755859375,1264.0999755859375,1271.9000244140625,61.0,1271.9000244140625
2016-10-26,1274.0,1264.800048828125,1274.0,1264.800048828125,279.0,1264.800048828125
2016-10-27,1269.4000244140625,1267.9000244140625,1269.4000244140625,1267.9000244140625,338.0,1267.9000244140625
2016-10-28,1281.5,1262.0,1270.300048828125,1275.5,560.0,1275.5
2016-10-31,1276.5999755859375,1271.5,1276.5999755859375,1271.5,58.0,1271.5
2016-11-01,1290.699951171875,1279.0,1279.300048828125,1286.4000244140625,49.0,1286.4000244140625
2016-11-02,1307.0,1288.300048828125,1288.300048828125,1306.800048828125,30.0,1306.800048828125
2016-11-03,1303.0999755859375,1287.300048828125,1296.4000244140625,1302.0999755859375,73.0,1302.0999755859375
2016-11-04,1303.300048828125,1296.699951171875,1300.0,1303.300048828125,11.0,1303.300048828125
2016-11-07,1294.5,1278.300048828125,1292.0,1278.300048828125,34.0,1278.300048828125
2016-11-08,1289.4000244140625,1273.199951171875,1284.0999755859375,1273.4000244140625,50.0,1273.4000244140625
2016-11-09,1318.5999755859375,1270.0,1272.199951171875,1272.5999755859375,108.0,1272.5999755859375
2016-11-10,1287.5,1253.300048828125,1274.4000244140625,1265.5,63.0,1265.5
2016-11-14,1229.5,1210.4000244140625,1227.800048828125,1221.199951171875,216.0,1221.199951171875
2016-11-15,1226.0,1222.5,1224.300048828125,1224.0,20.0,1224.0
2016-11-16,1229.300048828125,1223.0,1229.300048828125,1223.4000244140625,66.0,1223.4000244140625
2016-11-17,1225.0,1211.0,1224.5999755859375,1216.5,1139.0,1216.5
2016-11-18,1211.9000244140625,1207.199951171875,1211.9000244140625,1208.5,607.0,1208.5
2016-11-21,1209.5999755859375,1209.5999755859375,1209.5999755859375,1209.5999755859375,19.0,1209.5999755859375
2016-11-22,1211.0999755859375,1207.5999755859375,1210.4000244140625,1211.0,19.0,1211.0
2016-11-23,1213.800048828125,1186.800048828125,1212.800048828125,1189.0999755859375,309.0,1189.0999755859375
2016-11-25,1189.300048828125,1177.0,1177.0,1178.199951171875,14.0,1178.199951171875
2016-11-28,1190.5999755859375,1188.0,1188.0,1190.5999755859375,189914.0,1190.5999755859375
2016-11-29,1194.800048828125,1179.4000244140625,1193.199951171875,1187.9000244140625,42124.0,1187.9000244140625
2016-11-30,1193.300048828125,1167.9000244140625,1187.0999755859375,1170.800048828125,7158.0,1170.800048828125
2016-12-01,1174.5999755859375,1160.0,1172.699951171875,1166.9000244140625,1588.0,1166.9000244140625
2016-12-02,1177.300048828125,1166.4000244140625,1172.300048828125,1175.0999755859375,1521.0,1175.0999755859375
2016-12-05,1186.699951171875,1157.0,1181.800048828125,1174.0,358.0,1174.0
2016-12-06,1174.5,1167.0999755859375,1170.9000244140625,1167.5999755859375,652.0,1167.5999755859375
2016-12-07,1178.5,1166.4000244140625,1167.699951171875,1175.0,182.0,1175.0
2016-12-08,1177.800048828125,1169.0999755859375,1173.800048828125,1169.800048828125,322.0,1169.800048828125
2016-12-09,1168.800048828125,1156.0,1166.5999755859375,1159.4000244140625,365.0,1159.4000244140625
2016-12-12,1163.9000244140625,1153.0,1158.300048828125,1163.5,331.0,1163.5
2016-12-13,1164.0,1155.4000244140625,1163.5,1156.699951171875,637.0,1156.699951171875
2016-12-14,1164.0,1142.0,1159.800048828125,1161.300048828125,487.0,1161.300048828125
2016-12-15,1143.300048828125,1123.9000244140625,1139.800048828125,1127.800048828125,244.0,1127.800048828125
2016-12-16,1140.9000244140625,1126.9000244140625,1126.9000244140625,1135.300048828125,146.0,1135.300048828125
2016-12-19,1140.699951171875,1137.9000244140625,1139.4000244140625,1140.5,249.0,1140.5
2016-12-20,1133.5,1126.5,1133.5,1131.5,46.0,1131.5
2016-12-21,1136.0999755859375,1130.0,1136.0999755859375,1131.0999755859375,50.0,1131.0999755859375
2016-12-22,1132.800048828125,1128.300048828125,1131.199951171875,1128.800048828125,104.0,1128.800048828125
2016-12-23,1132.800048828125,1130.300048828125,1130.9000244140625,1131.9000244140625,70.0,1131.9000244140625
2016-12-27,1142.199951171875,1134.300048828125,1134.300048828125,1137.300048828125,84.0,1137.300048828125
2016-12-28,1141.199951171875,1138.0,1141.199951171875,1139.4000244140625,1570.0,1139.4000244140625
2016-12-29,1158.800048828125,1143.5999755859375,1143.800048828125,1156.4000244140625,950.0,1156.4000244140625
2016-12-30,1162.0,1150.0,1162.0,1150.0,16.0,1150.0
2017-01-03,1160.800048828125,1146.5,1155.199951171875,1160.4000244140625,52.0,1160.4000244140625
2017-01-04,1165.0,1156.300048828125,1156.300048828125,1163.800048828125,36.0,1163.800048828125
2017-01-05,1183.300048828125,1171.5,1172.0,1179.699951171875,500.0,1179.699951171875
2017-01-06,1176.5,1171.9000244140625,1176.5,1171.9000244140625,16.0,1171.9000244140625
2017-01-09,1183.5999755859375,1173.0,1173.9000244140625,1183.5,62.0,1183.5
2017-01-10,1188.9000244140625,1182.300048828125,1184.300048828125,1184.199951171875,8.0,1184.199951171875
2017-01-11,1197.0,1176.5,1187.5,1195.5999755859375,20.0,1195.5999755859375
2017-01-12,1204.300048828125,1192.300048828125,1192.699951171875,1198.9000244140625,110.0,1198.9000244140625
2017-01-13,1196.0,1187.699951171875,1195.699951171875,1195.300048828125,65.0,1195.300048828125
2017-01-17,1214.5999755859375,1200.800048828125,1205.5,1212.0,79.0,1212.0
2017-01-18,1214.699951171875,1203.0999755859375,1213.5999755859375,1211.300048828125,114.0,1211.300048828125
2017-01-19,1204.0,1195.800048828125,1200.5,1200.9000244140625,26.0,1200.9000244140625
2017-01-20,1212.0999755859375,1202.800048828125,1202.800048828125,1204.300048828125,38.0,1204.300048828125
2017-01-23,1215.0,1210.0,1212.0,1215.0,16.0,1215.0
2017-01-24,1219.0,1207.699951171875,1219.0,1210.300048828125,24.0,1210.300048828125
2017-01-25,1202.800048828125,1194.9000244140625,1202.0,1197.300048828125,403.0,1197.300048828125
2017-01-26,1199.699951171875,1185.5999755859375,1199.699951171875,1189.5,19.0,1189.5
2017-01-27,1188.300048828125,1187.9000244140625,1187.9000244140625,1188.0999755859375,234352.0,1188.0999755859375
2017-01-30,1198.5,1187.0999755859375,1191.699951171875,1193.199951171875,50503.0,1193.199951171875
2017-01-31,1214.699951171875,1193.5,1194.9000244140625,1208.5999755859375,3212.0,1208.5999755859375
2017-02-01,1211.9000244140625,1197.9000244140625,1211.9000244140625,1205.5999755859375,1145.0,1205.5999755859375
2017-02-02,1224.199951171875,1208.9000244140625,1209.699951171875,1216.699951171875,1512.0,1216.699951171875
2017-02-03,1220.5999755859375,1206.199951171875,1214.9000244140625,1218.5,865.0,1218.5
2017-02-06,1235.4000244140625,1218.5,1221.9000244140625,1230.0,908.0,1230.0
2017-02-07,1236.199951171875,1228.5,1234.199951171875,1234.199951171875,1177.0,1234.199951171875
2017-02-08,1243.9000244140625,1231.0,1232.0999755859375,1237.5999755859375,288.0,1237.5999755859375
2017-02-09,1243.5,1226.9000244140625,1239.4000244140625,1235.0999755859375,885.0,1235.0999755859375
2017-02-10,1234.4000244140625,1221.5,1227.5999755859375,1234.4000244140625,391.0,1234.4000244140625
2017-02-13,1231.0999755859375,1219.0,1230.5,1224.4000244140625,398.0,1224.4000244140625
2017-02-14,1233.5,1222.0999755859375,1225.9000244140625,1223.9000244140625,159.0,1223.9000244140625
2017-02-15,1231.699951171875,1217.300048828125,1225.5,1231.699951171875,175.0,1231.699951171875
2017-02-16,1240.699951171875,1233.199951171875,1234.5,1240.0,87.0,1240.0
2017-02-17,1241.199951171875,1234.800048828125,1240.699951171875,1237.5999755859375,301.0,1237.5999755859375
2017-02-21,1237.5,1228.0999755859375,1237.300048828125,1237.5,119.0,1237.5
2017-02-22,1238.5999755859375,1231.800048828125,1236.0999755859375,1232.0,36.0,1232.0
2017-02-23,1250.300048828125,1236.0999755859375,1236.0999755859375,1250.199951171875,112.0,1250.199951171875
2017-02-24,1258.800048828125,1250.0,1250.0,1256.9000244140625,1264.0,1256.9000244140625
2017-02-27,1263.0999755859375,1250.4000244140625,1254.699951171875,1257.4000244140625,544.0,1257.4000244140625
2017-02-28,1257.300048828125,1247.199951171875,1253.5999755859375,1252.5999755859375,721.0,1252.5999755859375
2017-03-01,1248.9000244140625,1236.9000244140625,1247.800048828125,1248.9000244140625,138.0,1248.9000244140625
2017-03-02,1247.5999755859375,1230.699951171875,1247.199951171875,1231.9000244140625,79.0,1231.9000244140625
2017-03-03,1235.199951171875,1222.9000244140625,1231.699951171875,1225.5,121.0,1225.5
2017-03-06,1235.199951171875,1224.5,1235.199951171875,1224.5,29.0,1224.5
2017-03-07,1225.4000244140625,1213.699951171875,1224.300048828125,1215.0999755859375,53.0,1215.0999755859375
2017-03-08,1212.199951171875,1206.699951171875,1212.199951171875,1208.5,24.0,1208.5
2017-03-09,1205.5999755859375,1202.300048828125,1204.5,1202.4000244140625,37.0,1202.4000244140625
2017-03-10,1203.300048828125,1196.199951171875,1196.199951171875,1200.699951171875,3.0,1200.699951171875
2017-03-13,1210.0,1202.300048828125,1206.199951171875,1202.4000244140625,35.0,1202.4000244140625
2017-03-14,1205.9000244140625,1196.800048828125,1203.0999755859375,1201.9000244140625,22.0,1201.9000244140625
2017-03-15,1221.199951171875,1197.699951171875,1198.199951171875,1200.0999755859375,36.0,1200.0999755859375
2017-03-16,1231.4000244140625,1222.199951171875,1222.199951171875,1226.5,47.0,1226.5
2017-03-17,1230.9000244140625,1227.0999755859375,1227.0999755859375,1229.800048828125,26.0,1229.800048828125
2017-03-20,1234.4000244140625,1229.300048828125,1229.300048828125,1233.5999755859375,23.0,1233.5999755859375
2017-03-21,1246.0999755859375,1226.4000244140625,1226.4000244140625,1246.0999755859375,11.0,1246.0999755859375
2017-03-22,1249.5,1247.699951171875,1247.9000244140625,1249.300048828125,3.0,1249.300048828125
2017-03-23,1247.5,1244.800048828125,1246.4000244140625,1246.9000244140625,16.0,1246.9000244140625
2017-03-24,1248.300048828125,1247.5999755859375,1248.0,1248.199951171875,3.0,1248.199951171875
2017-03-27,1257.699951171875,1253.800048828125,1255.800048828125,1255.4000244140625,72.0,1255.4000244140625
2017-03-28,1255.9000244140625,1255.300048828125,1255.9000244140625,1255.300048828125,19.0,1255.300048828125
2017-03-29,1253.4000244140625,1252.0999755859375,1252.199951171875,1253.4000244140625,190678.0,1253.4000244140625
2017-03-30,1253.5999755859375,1241.0999755859375,1253.0999755859375,1245.0,51328.0,1245.0
2017-03-31,1248.800048828125,1238.699951171875,1242.0999755859375,1247.300048828125,8223.0,1247.300048828125
2017-04-03,1252.4000244140625,1243.5999755859375,1247.5,1250.800048828125,1160.0,1250.800048828125
2017-04-04,1260.300048828125,1253.0,1253.0999755859375,1255.0,724.0,1255.0
2017-04-05,1255.4000244140625,1243.0,1255.4000244140625,1245.4000244140625,907.0,1245.4000244140625
2017-04-06,1257.5,1249.0,1256.0999755859375,1250.300048828125,169.0,1250.300048828125
2017-04-07,1269.0999755859375,1249.5,1249.5,1254.300048828125,445.0,1254.300048828125
2017-04-10,1255.199951171875,1246.800048828125,1252.699951171875,1251.0999755859375,182.0,1251.0999755859375
2017-04-11,1273.5,1254.5,1254.5,1271.199951171875,401.0,1271.199951171875
2017-04-12,1285.0999755859375,1272.0,1275.0,1275.300048828125,492.0,1275.300048828125
2017-04-13,1287.5999755859375,1282.0,1285.300048828125,1285.9000244140625,915.0,1285.9000244140625
2017-04-17,1294.800048828125,1284.300048828125,1291.800048828125,1289.4000244140625,73.0,1289.4000244140625
2017-04-18,1291.699951171875,1278.5999755859375,1283.9000244140625,1291.699951171875,394.0,1291.699951171875
2017-04-19,1288.0,1274.0,1288.0,1281.4000244140625,194.0,1281.4000244140625
2017-04-20,1281.9000244140625,1276.199951171875,1279.699951171875,1281.9000244140625,127.0,1281.9000244140625
2017-04-21,1287.4000244140625,1279.199951171875,1279.800048828125,1287.4000244140625,474.0,1287.4000244140625
2017-04-24,1276.4000244140625,1265.0,1275.0,1275.800048828125,605.0,1275.800048828125
2017-04-25,1276.9000244140625,1262.0999755859375,1275.5999755859375,1265.5999755859375,356.0,1265.5999755859375
2017-04-26,1266.0,1262.0999755859375,1266.0,1262.0999755859375,1156.0,1262.0999755859375
2017-04-27,1267.199951171875,1262.199951171875,1266.699951171875,1263.699951171875,206.0,1263.699951171875
2017-04-28,1267.199951171875,1264.699951171875,1265.9000244140625,1266.0999755859375,85.0,1266.0999755859375
2017-05-01,1269.300048828125,1253.300048828125,1268.699951171875,1253.300048828125,34.0,1253.300048828125
2017-05-02,1256.199951171875,1251.199951171875,1256.199951171875,1255.0999755859375,90.0,1255.0999755859375
2017-05-03,1255.800048828125,1238.699951171875,1255.0999755859375,1246.4000244140625,195.0,1246.4000244140625
2017-05-04,1239.800048828125,1224.199951171875,1239.800048828125,1226.5,72.0,1226.5
2017-05-05,1233.699951171875,1224.800048828125,1227.0,1224.800048828125,16.0,1224.800048828125
2017-05-08,1234.0,1224.0,1224.0,1225.300048828125,43.0,1225.300048828125
2017-05-09,1226.199951171875,1214.0,1226.0999755859375,1214.300048828125,55.0,1214.300048828125
2017-05-10,1220.199951171875,1217.300048828125,1219.800048828125,1217.300048828125,23.0,1217.300048828125
2017-05-11,1222.699951171875,1218.300048828125,1218.5,1222.699951171875,13.0,1222.699951171875
2017-05-12,1229.5,1226.0999755859375,1228.0,1226.199951171875,29.0,1226.199951171875
2017-05-15,1232.699951171875,1227.5,1227.5,1228.5999755859375,13.0,1228.5999755859375
2017-05-16,1237.300048828125,1230.4000244140625,1230.4000244140625,1235.0,20.0,1235.0
2017-05-17,1259.199951171875,1240.699951171875,1241.0,1257.5,26.0,1257.5
2017-05-18,1260.0,1245.800048828125,1254.800048828125,1251.699951171875,43.0,1251.699951171875
2017-05-19,1252.699951171875,1252.699951171875,1252.699951171875,1252.699951171875,14.0,1252.699951171875
2017-05-22,1260.699951171875,1251.699951171875,1251.699951171875,1260.699951171875,14.0,1260.699951171875
2017-05-23,1261.5999755859375,1250.5999755859375,1261.5,1254.800048828125,20.0,1254.800048828125
2017-05-24,1257.800048828125,1249.699951171875,1251.9000244140625,1252.4000244140625,14.0,1252.4000244140625
2017-05-25,1258.300048828125,1255.800048828125,1257.0999755859375,1255.800048828125,11.0,1255.800048828125
2017-05-26,1267.5999755859375,1267.5999755859375,1267.5999755859375,1267.5999755859375,271457.0,1267.5999755859375
2017-05-30,1270.0,1258.4000244140625,1267.4000244140625,1262.0999755859375,129819.0,1262.0999755859375
2017-05-31,1273.199951171875,1258.5,1262.4000244140625,1272.0,2712.0,1272.0
2017-06-01,1269.199951171875,1260.800048828125,1268.0,1267.0,825.0,1267.0
2017-06-02,1279.0,1259.0,1265.199951171875,1276.800048828125,1732.0,1276.800048828125
2017-06-05,1282.0,1277.0,1279.199951171875,1279.300048828125,433.0,1279.300048828125
2017-06-06,1295.199951171875,1279.4000244140625,1279.4000244140625,1294.4000244140625,942.0,1294.4000244140625
2017-06-07,1293.0999755859375,1284.300048828125,1291.5999755859375,1290.0999755859375,641.0,1290.0999755859375
2017-06-08,1287.5999755859375,1268.0999755859375,1285.4000244140625,1276.300048828125,319.0,1276.300048828125
2017-06-09,1277.9000244140625,1264.5999755859375,1277.9000244140625,1268.5,467.0,1268.5
2017-06-12,1269.300048828125,1263.199951171875,1266.4000244140625,1266.0999755859375,255.0,1266.0999755859375
2017-06-13,1266.9000244140625,1259.699951171875,1264.0999755859375,1265.800048828125,150.0,1265.800048828125
2017-06-14,1278.0,1256.800048828125,1269.4000244140625,1272.800048828125,336.0,1272.800048828125
2017-06-15,1264.199951171875,1250.300048828125,1263.199951171875,1252.199951171875,743.0,1252.199951171875
2017-06-16,1255.300048828125,1251.300048828125,1252.800048828125,1254.0,34.0,1254.0
2017-06-19,1252.199951171875,1241.9000244140625,1252.0999755859375,1244.199951171875,108.0,1244.199951171875
2017-06-20,1245.5,1240.5,1242.199951171875,1241.0,75.0,1241.0
2017-06-21,1245.0,1240.0,1244.0999755859375,1243.4000244140625,205.0,1243.4000244140625
2017-06-22,1252.699951171875,1246.300048828125,1251.0,1247.5999755859375,156.0,1247.5999755859375
2017-06-23,1273.5999755859375,1249.800048828125,1250.0,1256.199951171875,269.0,1256.199951171875
2017-06-26,1260.199951171875,1241.5999755859375,1260.199951171875,1246.300048828125,194.0,1246.300048828125
2017-06-27,1251.800048828125,1245.9000244140625,1251.5999755859375,1246.4000244140625,111.0,1246.4000244140625
2017-06-28,1248.5,1248.0,1248.5,1248.0,370.0,1248.0
2017-06-29,1250.699951171875,1238.0999755859375,1248.199951171875,1244.199951171875,540.0,1244.199951171875
2017-06-30,1243.699951171875,1239.0999755859375,1243.699951171875,1240.699951171875,43.0,1240.699951171875
2017-07-05,1225.0,1217.0999755859375,1222.5,1220.4000244140625,40.0,1220.4000244140625
2017-07-06,1225.0999755859375,1222.199951171875,1225.0999755859375,1222.199951171875,5.0,1222.199951171875
2017-07-07,1220.4000244140625,1208.5999755859375,1219.0999755859375,1208.5999755859375,116.0,1208.5999755859375
2017-07-10,1212.0999755859375,1209.5999755859375,1211.4000244140625,1212.0999755859375,28.0,1212.0999755859375
2017-07-11,1214.9000244140625,1208.699951171875,1208.699951171875,1213.5999755859375,12.0,1213.5999755859375
2017-07-12,1219.4000244140625,1217.9000244140625,1218.300048828125,1218.0999755859375,7.0,1218.0999755859375
2017-07-13,1221.4000244140625,1216.300048828125,1221.4000244140625,1216.300048828125,7.0,1216.300048828125
2017-07-14,1227.5,1214.800048828125,1214.9000244140625,1226.5999755859375,23.0,1226.5999755859375
2017-07-17,1233.4000244140625,1229.9000244140625,1229.9000244140625,1232.800048828125,7.0,1232.800048828125
2017-07-18,1241.199951171875,1236.199951171875,1236.199951171875,1241.0999755859375,29.0,1241.0999755859375
2017-07-19,1241.199951171875,1240.0999755859375,1240.4000244140625,1241.199951171875,3.0,1241.199951171875
2017-07-20,1244.800048828125,1236.5999755859375,1236.5999755859375,1244.800048828125,5.0,1244.800048828125
2017-07-21,1254.300048828125,1250.5,1250.699951171875,1254.300048828125,16.0,1254.300048828125
2017-07-24,1256.0,1253.9000244140625,1256.0,1253.9000244140625,8.0,1253.9000244140625
2017-07-25,1253.5999755859375,1249.199951171875,1252.699951171875,1251.699951171875,18.0,1251.699951171875
2017-07-26,1249.0,1244.800048828125,1244.800048828125,1249.0,7.0,1249.0
2017-07-27,1259.5999755859375,1259.5999755859375,1259.5999755859375,1259.5999755859375,220309.0,1259.5999755859375
2017-07-28,1270.0,1256.9000244140625,1258.4000244140625,1268.4000244140625,64180.0,1268.4000244140625
2017-07-31,1270.800048828125,1265.800048828125,1268.9000244140625,1266.5999755859375,7780.0,1266.5999755859375
2017-08-01,1273.300048828125,1262.0,1268.4000244140625,1272.5999755859375,1061.0,1272.5999755859375
2017-08-02,1272.0999755859375,1262.9000244140625,1268.5,1271.800048828125,393.0,1271.800048828125
2017-08-03,1269.800048828125,1256.5999755859375,1265.9000244140625,1267.800048828125,878.0,1267.800048828125
2017-08-04,1269.5999755859375,1253.9000244140625,1269.0,1258.300048828125,521.0,1258.300048828125
2017-08-07,1259.0999755859375,1255.300048828125,1258.699951171875,1258.199951171875,260.0,1258.199951171875
2017-08-08,1264.0999755859375,1251.4000244140625,1256.9000244140625,1256.4000244140625,555.0,1256.4000244140625
2017-08-09,1277.800048828125,1260.199951171875,1260.199951171875,1273.0,574.0,1273.0
2017-08-10,1287.4000244140625,1274.9000244140625,1276.5999755859375,1283.699951171875,608.0,1283.699951171875
2017-08-11,1291.0999755859375,1282.0,1286.300048828125,1287.699951171875,139.0,1287.699951171875
2017-08-14,1288.4000244140625,1278.800048828125,1288.4000244140625,1284.199951171875,338.0,1284.199951171875
2017-08-15,1280.5,1267.4000244140625,1280.5,1273.699951171875,188.0,1273.699951171875
2017-08-16,1282.5999755859375,1269.4000244140625,1271.300048828125,1276.9000244140625,110.0,1276.9000244140625
2017-08-17,1288.5,1283.199951171875,1283.800048828125,1286.4000244140625,43.0,1286.4000244140625
2017-08-18,1300.699951171875,1284.300048828125,1288.5999755859375,1285.699951171875,358.0,1285.699951171875
2017-08-21,1290.800048828125,1284.699951171875,1285.199951171875,1290.800048828125,18.0,1290.800048828125
2017-08-22,1288.4000244140625,1283.199951171875,1287.199951171875,1285.0999755859375,100.0,1285.0999755859375
2017-08-23,1289.4000244140625,1286.9000244140625,1289.4000244140625,1288.9000244140625,250.0,1288.9000244140625
2017-08-24,1288.699951171875,1284.0,1288.699951171875,1286.5,550.0,1286.5
2017-08-25,1292.699951171875,1280.300048828125,1285.4000244140625,1292.5,280.0,1292.5
2017-08-28,1311.300048828125,1293.5,1293.5,1309.699951171875,145.0,1309.699951171875
2017-08-29,1323.800048828125,1313.0999755859375,1318.800048828125,1313.0999755859375,1178.0,1313.0999755859375
2017-08-30,1312.5,1304.9000244140625,1308.199951171875,1308.0999755859375,1178.0,1308.0999755859375
2017-08-31,1322.300048828125,1301.699951171875,1306.5999755859375,1316.199951171875,373.0,1316.199951171875
2017-09-01,1327.699951171875,1316.9000244140625,1320.199951171875,1324.5,313.0,1324.5
2017-09-05,1339.199951171875,1328.5999755859375,1335.199951171875,1339.199951171875,39.0,1339.199951171875
2017-09-06,1340.300048828125,1332.5999755859375,1340.0,1333.9000244140625,20.0,1333.9000244140625
2017-09-07,1349.0,1336.4000244140625,1336.4000244140625,1345.0999755859375,26.0,1345.0999755859375
2017-09-08,1355.800048828125,1345.5999755859375,1351.0,1346.0,37.0,1346.0
2017-09-11,1331.0,1327.300048828125,1331.0,1331.0,9.0,1331.0
2017-09-12,1328.0,1325.199951171875,1327.0,1328.0,15.0,1328.0
2017-09-13,1323.4000244140625,1323.4000244140625,1323.4000244140625,1323.4000244140625,16.0,1323.4000244140625
2017-09-14,1329.300048828125,1319.5999755859375,1319.5999755859375,1324.699951171875,316.0,1324.699951171875
2017-09-15,1321.199951171875,1319.800048828125,1320.5999755859375,1320.4000244140625,15.0,1320.4000244140625
2017-09-18,1310.4000244140625,1306.0,1309.800048828125,1306.300048828125,129.0,1306.300048828125
2017-09-19,1310.300048828125,1305.0999755859375,1307.9000244140625,1306.199951171875,20.0,1306.199951171875
2017-09-20,1312.0,1298.699951171875,1312.0,1312.0,12.0,1312.0
2017-09-21,1304.0999755859375,1290.300048828125,1299.0999755859375,1290.5999755859375,336.0,1290.5999755859375
2017-09-22,1295.699951171875,1293.300048828125,1295.0,1293.300048828125,209.0,1293.300048828125
2017-09-25,1309.199951171875,1291.0,1293.0999755859375,1306.800048828125,51.0,1306.800048828125
2017-09-26,1305.5999755859375,1297.0,1304.5,1297.0,39.0,1297.0
2017-09-27,1283.4000244140625,1283.4000244140625,1283.4000244140625,1283.4000244140625,19488.0,1283.4000244140625
2017-09-28,1288.0,1277.0,1283.0999755859375,1285.5,5226.0,1285.5
2017-09-29,1289.4000244140625,1281.5,1284.199951171875,1281.5,492.0,1281.5
2017-10-02,1276.0999755859375,1270.4000244140625,1275.0,1272.699951171875,136.0,1272.699951171875
2017-10-03,1273.300048828125,1268.5999755859375,1269.699951171875,1271.5,192.0,1271.5
2017-10-04,1280.800048828125,1270.0,1273.800048828125,1273.699951171875,218.0,1273.699951171875
2017-10-05,1277.800048828125,1267.5999755859375,1277.800048828125,1269.9000244140625,36.0,1269.9000244140625
2017-10-06,1272.0,1260.5,1267.5999755859375,1271.5999755859375,46.0,1271.5999755859375
2017-10-09,1284.0,1279.0,1280.5999755859375,1281.800048828125,19.0,1281.800048828125
2017-10-10,1293.0,1281.699951171875,1282.5999755859375,1290.5999755859375,18.0,1290.5999755859375
2017-10-11,1292.0,1284.9000244140625,1287.300048828125,1285.800048828125,21.0,1285.800048828125
2017-10-12,1294.5,1289.300048828125,1291.5,1293.300048828125,14.0,1293.300048828125
2017-10-13,1301.699951171875,1291.699951171875,1293.300048828125,1301.5,74.0,1301.5
2017-10-16,1303.800048828125,1291.9000244140625,1302.0,1299.9000244140625,173.0,1299.9000244140625
2017-10-17,1295.0999755859375,1283.0,1295.0999755859375,1283.0,571.0,1283.0
2017-10-18,1279.9000244140625,1279.9000244140625,1279.9000244140625,1279.9000244140625,163.0,1279.9000244140625
2017-10-19,1286.9000244140625,1285.0999755859375,1286.4000244140625,1286.9000244140625,134.0,1286.9000244140625
2017-10-20,1279.5999755859375,1277.4000244140625,1279.5999755859375,1277.4000244140625,304.0,1277.4000244140625
2017-10-23,1280.800048828125,1271.5,1274.699951171875,1277.699951171875,115.0,1277.699951171875
2017-10-24,1275.5,1273.699951171875,1275.5,1275.0,111.0,1275.0
2017-10-25,1275.4000244140625,1269.9000244140625,1269.9000244140625,1275.4000244140625,105.0,1275.4000244140625
2017-10-26,1273.5,1264.699951171875,1273.5,1266.300048828125,39.0,1266.300048828125
2017-10-27,1268.5,1267.0999755859375,1268.4000244140625,1268.5,567.0,1268.5
2017-10-30,1274.0999755859375,1267.9000244140625,1270.0,1274.0999755859375,222.0,1274.0999755859375
2017-10-31,1274.5999755859375,1266.0999755859375,1273.0999755859375,1267.0,235.0,1267.0
2017-11-01,1274.800048828125,1270.300048828125,1272.199951171875,1274.0999755859375,78.0,1274.0999755859375
2017-11-02,1274.9000244140625,1274.9000244140625,1274.9000244140625,1274.9000244140625,70.0,1274.9000244140625
2017-11-03,1267.9000244140625,1265.300048828125,1265.300048828125,1266.5,75.0,1266.5
2017-11-06,1280.5,1269.0,1269.0,1279.4000244140625,128.0,1279.4000244140625
2017-11-07,1276.800048828125,1270.4000244140625,1276.800048828125,1273.699951171875,11.0,1273.699951171875
2017-11-08,1284.9000244140625,1274.699951171875,1275.9000244140625,1281.5999755859375,15.0,1281.5999755859375
2017-11-09,1286.9000244140625,1279.699951171875,1279.699951171875,1285.5999755859375,18.0,1285.5999755859375
2017-11-10,1283.5,1272.4000244140625,1283.5,1272.4000244140625,10.0,1272.4000244140625
2017-11-13,1277.300048828125,1277.0,1277.300048828125,1277.300048828125,3.0,1277.300048828125
2017-11-14,1281.5,1276.9000244140625,1276.9000244140625,1281.5,4.0,1281.5
2017-11-15,1284.699951171875,1275.9000244140625,1281.4000244140625,1276.5,13.0,1276.5
2017-11-16,1277.5,1277.4000244140625,1277.5,1277.4000244140625,43.0,1277.4000244140625
2017-11-17,1295.800048828125,1288.300048828125,1288.300048828125,1295.800048828125,1.0,1295.800048828125
2017-11-20,1275.9000244140625,1274.5999755859375,1274.5999755859375,1274.5999755859375,1.0,1274.5999755859375
2017-11-21,1281.0999755859375,1281.0999755859375,1281.0999755859375,1281.0999755859375,4.0,1281.0999755859375
2017-11-22,1291.5999755859375,1282.9000244140625,1284.699951171875,1291.5999755859375,4.0,1291.5999755859375
2017-11-27,1293.800048828125,1293.800048828125,1293.800048828125,1293.800048828125,1.0,1293.800048828125
2017-11-28,1294.699951171875,1294.699951171875,1294.699951171875,1294.699951171875,275442.0,1294.699951171875
2017-11-29,1296.199951171875,1281.0999755859375,1293.4000244140625,1282.0999755859375,47244.0,1282.0999755859375
2017-11-30,1284.5,1269.699951171875,1283.0999755859375,1273.199951171875,3049.0,1273.199951171875
2017-12-01,1288.5999755859375,1271.0,1274.0999755859375,1278.800048828125,823.0,1278.800048828125
2017-12-04,1276.0999755859375,1270.300048828125,1272.5,1274.300048828125,850.0,1274.300048828125
2017-12-05,1275.800048828125,1260.0,1275.4000244140625,1261.5999755859375,1499.0,1261.5999755859375
2017-12-06,1267.800048828125,1261.5999755859375,1264.9000244140625,1262.800048828125,373.0,1262.800048828125
2017-12-07,1262.4000244140625,1243.9000244140625,1262.300048828125,1249.800048828125,358.0,1249.800048828125
2017-12-08,1249.300048828125,1241.5,1246.300048828125,1245.199951171875,157.0,1245.199951171875
2017-12-11,1249.199951171875,1239.9000244140625,1248.4000244140625,1243.699951171875,146.0,1243.699951171875
2017-12-12,1244.4000244140625,1236.5,1241.300048828125,1238.5,692.0,1238.5
2017-12-13,1254.5,1239.800048828125,1241.9000244140625,1245.4000244140625,349.0,1245.4000244140625
2017-12-14,1257.699951171875,1250.300048828125,1252.9000244140625,1253.800048828125,139.0,1253.800048828125
2017-12-15,1260.300048828125,1253.0999755859375,1253.0999755859375,1254.300048828125,578.0,1254.300048828125
2017-12-18,1262.4000244140625,1255.699951171875,1256.199951171875,1262.199951171875,45.0,1262.199951171875
2017-12-19,1264.300048828125,1259.5,1261.0999755859375,1260.699951171875,329.0,1260.699951171875
2017-12-20,1266.5999755859375,1261.300048828125,1261.300048828125,1266.0999755859375,63.0,1266.0999755859375
2017-12-21,1267.4000244140625,1264.300048828125,1266.4000244140625,1267.300048828125,226.0,1267.300048828125
2017-12-22,1276.300048828125,1266.300048828125,1266.300048828125,1275.4000244140625,119.0,1275.4000244140625
2017-12-26,1284.0999755859375,1281.800048828125,1282.4000244140625,1284.0999755859375,84.0,1284.0999755859375
2017-12-27,1287.0,1284.0,1284.0,1287.0,456.0,1287.0
2017-12-28,1294.0999755859375,1288.199951171875,1288.199951171875,1294.0999755859375,245.0,1294.0999755859375
2017-12-29,1306.300048828125,1294.0,1294.199951171875,1306.300048828125,65.0,1306.300048828125
